country,iso_code,year,raw_value,technology,capacity_mw,source
Afghanistan,AFG,2015,0.000100000005,Wind,0.100000005,OWID_IRENA
Afghanistan,AFG,2016,0.000100000005,Wind,0.100000005,OWID_IRENA
Afghanistan,AFG,2017,0.00040000002,Wind,0.40000002,OWID_IRENA
Afghanistan,AFG,2018,0.00040000002,Wind,0.40000002,OWID_IRENA
Afghanistan,AFG,2019,0.00040000002,Wind,0.40000002,OWID_IRENA
Afghanistan,AFG,2020,0.00040000002,Wind,0.40000002,OWID_IRENA
Afghanistan,AFG,2021,0.00040000002,Wind,0.40000002,OWID_IRENA
Afghanistan,AFG,2022,0.00040000002,Wind,0.40000002,OWID_IRENA
Afghanistan,AFG,2023,0.00040000002,Wind,0.40000002,OWID_IRENA
Afghanistan,AFG,2024,0.00040000002,Wind,0.40000002,OWID_IRENA
Algeria,DZA,2015,0.010199999,Wind,10.199999,OWID_IRENA
Algeria,DZA,2016,0.010199999,Wind,10.199999,OWID_IRENA
Algeria,DZA,2017,0.010199999,Wind,10.199999,OWID_IRENA
Algeria,DZA,2018,0.01,Wind,10.0,OWID_IRENA
Algeria,DZA,2019,0.01,Wind,10.0,OWID_IRENA
Algeria,DZA,2020,0.01,Wind,10.0,OWID_IRENA
Algeria,DZA,2021,0.01,Wind,10.0,OWID_IRENA
Algeria,DZA,2022,0.01,Wind,10.0,OWID_IRENA
Algeria,DZA,2023,0.01,Wind,10.0,OWID_IRENA
Algeria,DZA,2024,0.01,Wind,10.0,OWID_IRENA
Argentina,ARG,2015,0.18824,Wind,188.23999999999998,OWID_IRENA
Argentina,ARG,2016,0.18824,Wind,188.23999999999998,OWID_IRENA
Argentina,ARG,2017,0.22755499,Wind,227.55499,OWID_IRENA
Argentina,ARG,2018,0.751155,Wind,751.155,OWID_IRENA
Argentina,ARG,2019,1.6094551,Wind,1609.4551,OWID_IRENA
Argentina,ARG,2020,2.624,Wind,2624.0,OWID_IRENA
Argentina,ARG,2021,3.2922199,Wind,3292.2199,OWID_IRENA
Argentina,ARG,2022,3.31022,Wind,3310.2200000000003,OWID_IRENA
Argentina,ARG,2023,3.70632,Wind,3706.3199999999997,OWID_IRENA
Argentina,ARG,2024,4.3203197,Wind,4320.3197,OWID_IRENA
Armenia,ARM,2015,0.0026,Wind,2.6,OWID_IRENA
Armenia,ARM,2016,0.002925,Wind,2.9250000000000003,OWID_IRENA
Armenia,ARM,2017,0.002925,Wind,2.9250000000000003,OWID_IRENA
Armenia,ARM,2018,0.002925,Wind,2.9250000000000003,OWID_IRENA
Armenia,ARM,2019,0.002925,Wind,2.9250000000000003,OWID_IRENA
Armenia,ARM,2020,0.002925,Wind,2.9250000000000003,OWID_IRENA
Armenia,ARM,2021,0.002925,Wind,2.9250000000000003,OWID_IRENA
Armenia,ARM,2022,0.002925,Wind,2.9250000000000003,OWID_IRENA
Armenia,ARM,2023,0.0029000002,Wind,2.9000002,OWID_IRENA
Armenia,ARM,2024,0.0029000002,Wind,2.9000002,OWID_IRENA
Aruba,ABW,2015,0.03,Wind,30.0,OWID_IRENA
Aruba,ABW,2016,0.03,Wind,30.0,OWID_IRENA
Aruba,ABW,2017,0.03,Wind,30.0,OWID_IRENA
Aruba,ABW,2018,0.03,Wind,30.0,OWID_IRENA
Aruba,ABW,2019,0.03,Wind,30.0,OWID_IRENA
Aruba,ABW,2020,0.03,Wind,30.0,OWID_IRENA
Aruba,ABW,2021,0.03,Wind,30.0,OWID_IRENA
Aruba,ABW,2022,0.03,Wind,30.0,OWID_IRENA
Aruba,ABW,2023,0.03,Wind,30.0,OWID_IRENA
Aruba,ABW,2024,0.03,Wind,30.0,OWID_IRENA
Australia,AUS,2015,4.318,Wind,4318.0,OWID_IRENA
Australia,AUS,2016,4.683,Wind,4683.0,OWID_IRENA
Australia,AUS,2017,5.407,Wind,5407.0,OWID_IRENA
Australia,AUS,2018,6.409,Wind,6409.0,OWID_IRENA
Australia,AUS,2019,7.881,Wind,7881.0,OWID_IRENA
Australia,AUS,2020,10.207,Wind,10207.0,OWID_IRENA
Australia,AUS,2021,10.555,Wind,10555.0,OWID_IRENA
Australia,AUS,2022,11.966,Wind,11966.0,OWID_IRENA
Australia,AUS,2023,12.908,Wind,12908.0,OWID_IRENA
Australia,AUS,2024,15.288,Wind,15288.0,OWID_IRENA
Austria,AUT,2015,2.4887261,Wind,2488.7261,OWID_IRENA
Austria,AUT,2016,2.7299962,Wind,2729.9962,OWID_IRENA
Austria,AUT,2017,2.886698,Wind,2886.698,OWID_IRENA
Austria,AUT,2018,3.1327128,Wind,3132.7128000000002,OWID_IRENA
Austria,AUT,2019,3.224117,Wind,3224.117,OWID_IRENA
Austria,AUT,2020,3.225979,Wind,3225.9790000000003,OWID_IRENA
Austria,AUT,2021,3.422335,Wind,3422.335,OWID_IRENA
Austria,AUT,2022,3.6331031,Wind,3633.1031,OWID_IRENA
Austria,AUT,2023,3.8962939,Wind,3896.2938999999997,OWID_IRENA
Austria,AUT,2024,4.035,Wind,4035.0,OWID_IRENA
Azerbaijan,AZE,2015,0.008,Wind,8.0,OWID_IRENA
Azerbaijan,AZE,2016,0.0157,Wind,15.7,OWID_IRENA
Azerbaijan,AZE,2017,0.0157,Wind,15.7,OWID_IRENA
Azerbaijan,AZE,2018,0.066,Wind,66.0,OWID_IRENA
Azerbaijan,AZE,2019,0.066,Wind,66.0,OWID_IRENA
Azerbaijan,AZE,2020,0.066,Wind,66.0,OWID_IRENA
Azerbaijan,AZE,2021,0.066,Wind,66.0,OWID_IRENA
Azerbaijan,AZE,2022,0.064,Wind,64.0,OWID_IRENA
Azerbaijan,AZE,2023,0.0665,Wind,66.5,OWID_IRENA
Azerbaijan,AZE,2024,0.06662,Wind,66.62,OWID_IRENA
Bahamas,BHS,2015,0.0003,Wind,0.3,OWID_IRENA
Bahamas,BHS,2016,0.0003,Wind,0.3,OWID_IRENA
Bahamas,BHS,2017,0.0003,Wind,0.3,OWID_IRENA
Bahamas,BHS,2018,0.0003,Wind,0.3,OWID_IRENA
Bahamas,BHS,2019,0.0003,Wind,0.3,OWID_IRENA
Bahamas,BHS,2020,0.0003,Wind,0.3,OWID_IRENA
Bahamas,BHS,2021,0.0003,Wind,0.3,OWID_IRENA
Bahamas,BHS,2022,0.0003,Wind,0.3,OWID_IRENA
Bahamas,BHS,2023,0.0003,Wind,0.3,OWID_IRENA
Bahamas,BHS,2024,0.0003,Wind,0.3,OWID_IRENA
Bahrain,BHR,2015,0.000675,Wind,0.675,OWID_IRENA
Bahrain,BHR,2016,0.000675,Wind,0.675,OWID_IRENA
Bahrain,BHR,2017,0.000675,Wind,0.675,OWID_IRENA
Bahrain,BHR,2018,0.000675,Wind,0.675,OWID_IRENA
Bahrain,BHR,2019,0.000675,Wind,0.675,OWID_IRENA
Bahrain,BHR,2020,0.000675,Wind,0.675,OWID_IRENA
Bahrain,BHR,2021,0.000675,Wind,0.675,OWID_IRENA
Bahrain,BHR,2022,0.0026749999,Wind,2.6749999,OWID_IRENA
Bahrain,BHR,2023,0.0026749999,Wind,2.6749999,OWID_IRENA
Bahrain,BHR,2024,0.0026749999,Wind,2.6749999,OWID_IRENA
Bangladesh,BGD,2015,0.0029000002,Wind,2.9000002,OWID_IRENA
Bangladesh,BGD,2016,0.0029000002,Wind,2.9000002,OWID_IRENA
Bangladesh,BGD,2017,0.0029000002,Wind,2.9000002,OWID_IRENA
Bangladesh,BGD,2018,0.0029000002,Wind,2.9000002,OWID_IRENA
Bangladesh,BGD,2019,0.0029000002,Wind,2.9000002,OWID_IRENA
Bangladesh,BGD,2020,0.0029000002,Wind,2.9000002,OWID_IRENA
Bangladesh,BGD,2021,0.0029000002,Wind,2.9000002,OWID_IRENA
Bangladesh,BGD,2022,0.0029000002,Wind,2.9000002,OWID_IRENA
Bangladesh,BGD,2023,0.0029000002,Wind,2.9000002,OWID_IRENA
Bangladesh,BGD,2024,0.0629,Wind,62.9,OWID_IRENA
Barbados,BRB,2015,4e-05,Wind,0.04,OWID_IRENA
Barbados,BRB,2016,6e-05,Wind,0.060000000000000005,OWID_IRENA
Barbados,BRB,2017,6e-05,Wind,0.060000000000000005,OWID_IRENA
Barbados,BRB,2018,6e-05,Wind,0.060000000000000005,OWID_IRENA
Barbados,BRB,2019,6e-05,Wind,0.060000000000000005,OWID_IRENA
Barbados,BRB,2020,6e-05,Wind,0.060000000000000005,OWID_IRENA
Barbados,BRB,2021,6e-05,Wind,0.060000000000000005,OWID_IRENA
Barbados,BRB,2022,0.00116,Wind,1.16,OWID_IRENA
Barbados,BRB,2023,0.00116,Wind,1.16,OWID_IRENA
Barbados,BRB,2024,0.00116,Wind,1.16,OWID_IRENA
Belarus,BLR,2015,0.022,Wind,22.0,OWID_IRENA
Belarus,BLR,2016,0.062,Wind,62.0,OWID_IRENA
Belarus,BLR,2017,0.084,Wind,84.0,OWID_IRENA
Belarus,BLR,2018,0.092,Wind,92.0,OWID_IRENA
Belarus,BLR,2019,0.112,Wind,112.0,OWID_IRENA
Belarus,BLR,2020,0.112,Wind,112.0,OWID_IRENA
Belarus,BLR,2021,0.1117,Wind,111.69999999999999,OWID_IRENA
Belarus,BLR,2022,0.12,Wind,120.0,OWID_IRENA
Belarus,BLR,2023,0.122,Wind,122.0,OWID_IRENA
Belarus,BLR,2024,0.122,Wind,122.0,OWID_IRENA
Belgium,BEL,2015,2.1813002,Wind,2181.3002,OWID_IRENA
Belgium,BEL,2016,2.3337,Wind,2333.7,OWID_IRENA
Belgium,BEL,2017,2.7793999,Wind,2779.3999,OWID_IRENA
Belgium,BEL,2018,3.3049,Wind,3304.9,OWID_IRENA
Belgium,BEL,2019,3.8637,Wind,3863.7000000000003,OWID_IRENA
Belgium,BEL,2020,4.6727996,Wind,4672.7996,OWID_IRENA
Belgium,BEL,2021,4.9484005,Wind,4948.4005,OWID_IRENA
Belgium,BEL,2022,5.3034005,Wind,5303.400500000001,OWID_IRENA
Belgium,BEL,2023,5.4541,Wind,5454.1,OWID_IRENA
Belgium,BEL,2024,5.5987597,Wind,5598.7597,OWID_IRENA
Belize,BLZ,2015,2e-05,Wind,0.02,OWID_IRENA
Belize,BLZ,2016,2e-05,Wind,0.02,OWID_IRENA
Belize,BLZ,2017,2e-05,Wind,0.02,OWID_IRENA
Belize,BLZ,2018,2e-05,Wind,0.02,OWID_IRENA
Belize,BLZ,2019,2e-05,Wind,0.02,OWID_IRENA
Belize,BLZ,2020,2e-05,Wind,0.02,OWID_IRENA
Belize,BLZ,2021,2e-05,Wind,0.02,OWID_IRENA
Belize,BLZ,2022,2e-05,Wind,0.02,OWID_IRENA
Belize,BLZ,2023,2e-05,Wind,0.02,OWID_IRENA
Belize,BLZ,2024,2e-05,Wind,0.02,OWID_IRENA
Bhutan,BTN,2015,0.0006,Wind,0.6,OWID_IRENA
Bhutan,BTN,2016,0.0006,Wind,0.6,OWID_IRENA
Bhutan,BTN,2017,0.0006,Wind,0.6,OWID_IRENA
Bhutan,BTN,2018,0.0006,Wind,0.6,OWID_IRENA
Bhutan,BTN,2019,0.0006,Wind,0.6,OWID_IRENA
Bhutan,BTN,2020,0.0006,Wind,0.6,OWID_IRENA
Bhutan,BTN,2021,0.0006,Wind,0.6,OWID_IRENA
Bhutan,BTN,2022,0.0006,Wind,0.6,OWID_IRENA
Bhutan,BTN,2023,0.0006,Wind,0.6,OWID_IRENA
Bhutan,BTN,2024,0.0006,Wind,0.6,OWID_IRENA
Bolivia,BOL,2015,0.003,Wind,3.0,OWID_IRENA
Bolivia,BOL,2016,0.027,Wind,27.0,OWID_IRENA
Bolivia,BOL,2017,0.027,Wind,27.0,OWID_IRENA
Bolivia,BOL,2018,0.027,Wind,27.0,OWID_IRENA
Bolivia,BOL,2019,0.027,Wind,27.0,OWID_IRENA
Bolivia,BOL,2020,0.027,Wind,27.0,OWID_IRENA
Bolivia,BOL,2021,0.1278,Wind,127.8,OWID_IRENA
Bolivia,BOL,2022,0.1278,Wind,127.8,OWID_IRENA
Bolivia,BOL,2023,0.135,Wind,135.0,OWID_IRENA
Bolivia,BOL,2024,0.135,Wind,135.0,OWID_IRENA
Bonaire Sint Eustatius and Saba,BES,2015,0.01113,Wind,11.129999999999999,OWID_IRENA
Bonaire Sint Eustatius and Saba,BES,2016,0.01113,Wind,11.129999999999999,OWID_IRENA
Bonaire Sint Eustatius and Saba,BES,2017,0.01113,Wind,11.129999999999999,OWID_IRENA
Bonaire Sint Eustatius and Saba,BES,2018,0.01113,Wind,11.129999999999999,OWID_IRENA
Bonaire Sint Eustatius and Saba,BES,2019,0.01113,Wind,11.129999999999999,OWID_IRENA
Bonaire Sint Eustatius and Saba,BES,2020,0.01113,Wind,11.129999999999999,OWID_IRENA
Bonaire Sint Eustatius and Saba,BES,2021,0.01113,Wind,11.129999999999999,OWID_IRENA
Bonaire Sint Eustatius and Saba,BES,2022,0.01113,Wind,11.129999999999999,OWID_IRENA
Bonaire Sint Eustatius and Saba,BES,2023,0.01113,Wind,11.129999999999999,OWID_IRENA
Bonaire Sint Eustatius and Saba,BES,2024,0.01113,Wind,11.129999999999999,OWID_IRENA
Bosnia and Herzegovina,BIH,2015,0.0003,Wind,0.3,OWID_IRENA
Bosnia and Herzegovina,BIH,2016,0.0003,Wind,0.3,OWID_IRENA
Bosnia and Herzegovina,BIH,2017,0.0003,Wind,0.3,OWID_IRENA
Bosnia and Herzegovina,BIH,2018,0.051,Wind,51.0,OWID_IRENA
Bosnia and Herzegovina,BIH,2019,0.087,Wind,87.0,OWID_IRENA
Bosnia and Herzegovina,BIH,2020,0.087,Wind,87.0,OWID_IRENA
Bosnia and Herzegovina,BIH,2021,0.135,Wind,135.0,OWID_IRENA
Bosnia and Herzegovina,BIH,2022,0.135,Wind,135.0,OWID_IRENA
Bosnia and Herzegovina,BIH,2023,0.135,Wind,135.0,OWID_IRENA
Bosnia and Herzegovina,BIH,2024,0.219,Wind,219.0,OWID_IRENA
Brazil,BRA,2015,7.682371,Wind,7682.371,OWID_IRENA
Brazil,BRA,2016,10.322335,Wind,10322.335000000001,OWID_IRENA
Brazil,BRA,2017,12.451016,Wind,12451.016,OWID_IRENA
Brazil,BRA,2018,14.514008,Wind,14514.008,OWID_IRENA
Brazil,BRA,2019,15.45663,Wind,15456.630000000001,OWID_IRENA
Brazil,BRA,2020,17.21655,Wind,17216.550000000003,OWID_IRENA
Brazil,BRA,2021,21.002386,Wind,21002.386000000002,OWID_IRENA
Brazil,BRA,2022,24.195734,Wind,24195.734,OWID_IRENA
Brazil,BRA,2023,29.112879,Wind,29112.879,OWID_IRENA
Brazil,BRA,2024,32.95931,Wind,32959.310000000005,OWID_IRENA
British Virgin Islands,VGB,2015,0.0005,Wind,0.5,OWID_IRENA
British Virgin Islands,VGB,2016,0.0005,Wind,0.5,OWID_IRENA
British Virgin Islands,VGB,2017,0.0005,Wind,0.5,OWID_IRENA
British Virgin Islands,VGB,2018,0.0005,Wind,0.5,OWID_IRENA
British Virgin Islands,VGB,2019,0.000801,Wind,0.8009999999999999,OWID_IRENA
British Virgin Islands,VGB,2020,0.000801,Wind,0.8009999999999999,OWID_IRENA
British Virgin Islands,VGB,2021,0.000801,Wind,0.8009999999999999,OWID_IRENA
British Virgin Islands,VGB,2022,0.000801,Wind,0.8009999999999999,OWID_IRENA
British Virgin Islands,VGB,2023,0.000801,Wind,0.8009999999999999,OWID_IRENA
British Virgin Islands,VGB,2024,0.000801,Wind,0.8009999999999999,OWID_IRENA
Bulgaria,BGR,2015,0.699,Wind,699.0,OWID_IRENA
Bulgaria,BGR,2016,0.699,Wind,699.0,OWID_IRENA
Bulgaria,BGR,2017,0.69839,Wind,698.39,OWID_IRENA
Bulgaria,BGR,2018,0.69892,Wind,698.92,OWID_IRENA
Bulgaria,BGR,2019,0.70312,Wind,703.12,OWID_IRENA
Bulgaria,BGR,2020,0.7028,Wind,702.8,OWID_IRENA
Bulgaria,BGR,2021,0.704375,Wind,704.375,OWID_IRENA
Bulgaria,BGR,2022,0.70431,Wind,704.31,OWID_IRENA
Bulgaria,BGR,2023,0.70431,Wind,704.31,OWID_IRENA
Bulgaria,BGR,2024,0.70431,Wind,704.31,OWID_IRENA
Cambodia,KHM,2015,0.00025,Wind,0.25,OWID_IRENA
Cambodia,KHM,2016,0.00025,Wind,0.25,OWID_IRENA
Cambodia,KHM,2017,0.00025,Wind,0.25,OWID_IRENA
Cambodia,KHM,2018,0.00025,Wind,0.25,OWID_IRENA
Cambodia,KHM,2019,0.00025,Wind,0.25,OWID_IRENA
Cambodia,KHM,2020,0.00025,Wind,0.25,OWID_IRENA
Cambodia,KHM,2021,0.00025,Wind,0.25,OWID_IRENA
Cambodia,KHM,2022,0.00025,Wind,0.25,OWID_IRENA
Cambodia,KHM,2023,0.00025,Wind,0.25,OWID_IRENA
Cambodia,KHM,2024,0.00025,Wind,0.25,OWID_IRENA
Canada,CAN,2015,11.214,Wind,11214.0,OWID_IRENA
Canada,CAN,2016,11.973,Wind,11973.0,OWID_IRENA
Canada,CAN,2017,12.25,Wind,12250.0,OWID_IRENA
Canada,CAN,2018,12.816,Wind,12816.0,OWID_IRENA
Canada,CAN,2019,13.22,Wind,13220.0,OWID_IRENA
Canada,CAN,2020,13.532,Wind,13532.0,OWID_IRENA
Canada,CAN,2021,13.878,Wind,13878.0,OWID_IRENA
Canada,CAN,2022,15.237,Wind,15237.0,OWID_IRENA
Canada,CAN,2023,16.137,Wind,16137.0,OWID_IRENA
Canada,CAN,2024,17.523901,Wind,17523.900999999998,OWID_IRENA
Cape Verde,CPV,2015,0.0272,Wind,27.2,OWID_IRENA
Cape Verde,CPV,2016,0.0272,Wind,27.2,OWID_IRENA
Cape Verde,CPV,2017,0.0272,Wind,27.2,OWID_IRENA
Cape Verde,CPV,2018,0.026899999,Wind,26.899999,OWID_IRENA
Cape Verde,CPV,2019,0.026899999,Wind,26.899999,OWID_IRENA
Cape Verde,CPV,2020,0.026899999,Wind,26.899999,OWID_IRENA
Cape Verde,CPV,2021,0.026899999,Wind,26.899999,OWID_IRENA
Cape Verde,CPV,2022,0.026899999,Wind,26.899999,OWID_IRENA
Cape Verde,CPV,2023,0.0268,Wind,26.8,OWID_IRENA
Cape Verde,CPV,2024,0.0268,Wind,26.8,OWID_IRENA
Cayman Islands,CYM,2018,0.00080000004,Wind,0.80000004,OWID_IRENA
Cayman Islands,CYM,2019,0.00080000004,Wind,0.80000004,OWID_IRENA
Cayman Islands,CYM,2020,0.00080000004,Wind,0.80000004,OWID_IRENA
Cayman Islands,CYM,2021,0.00080000004,Wind,0.80000004,OWID_IRENA
Cayman Islands,CYM,2022,0.00080000004,Wind,0.80000004,OWID_IRENA
Cayman Islands,CYM,2023,0.00080000004,Wind,0.80000004,OWID_IRENA
Cayman Islands,CYM,2024,0.00080000004,Wind,0.80000004,OWID_IRENA
Chad,TCD,2016,0.0011,Wind,1.1,OWID_IRENA
Chad,TCD,2017,0.0011,Wind,1.1,OWID_IRENA
Chad,TCD,2018,0.0011,Wind,1.1,OWID_IRENA
Chad,TCD,2019,0.0011,Wind,1.1,OWID_IRENA
Chad,TCD,2020,0.0011,Wind,1.1,OWID_IRENA
Chad,TCD,2021,0.0011,Wind,1.1,OWID_IRENA
Chad,TCD,2022,0.0011,Wind,1.1,OWID_IRENA
Chad,TCD,2023,0.0011,Wind,1.1,OWID_IRENA
Chad,TCD,2024,0.0011,Wind,1.1,OWID_IRENA
Chile,CHL,2015,0.91,Wind,910.0,OWID_IRENA
Chile,CHL,2016,1.039,Wind,1039.0,OWID_IRENA
Chile,CHL,2017,1.302,Wind,1302.0,OWID_IRENA
Chile,CHL,2018,1.692271,Wind,1692.2710000000002,OWID_IRENA
Chile,CHL,2019,1.9989339,Wind,1998.9339,OWID_IRENA
Chile,CHL,2020,2.2925382,Wind,2292.5382,OWID_IRENA
Chile,CHL,2021,3.14043,Wind,3140.43,OWID_IRENA
Chile,CHL,2022,3.824044,Wind,3824.0440000000003,OWID_IRENA
Chile,CHL,2023,4.532896,Wind,4532.896,OWID_IRENA
Chile,CHL,2024,4.716896,Wind,4716.896000000001,OWID_IRENA
China,CHN,2015,131.04773,Wind,131047.73,OWID_IRENA
China,CHN,2016,148.51689,Wind,148516.88999999998,OWID_IRENA
China,CHN,2017,164.37448,Wind,164374.48,OWID_IRENA
China,CHN,2018,184.66489,Wind,184664.89,OWID_IRENA
China,CHN,2019,209.58191,Wind,209581.91,OWID_IRENA
China,CHN,2020,281.99265,Wind,281992.65,OWID_IRENA
China,CHN,2021,328.97345,Wind,328973.45,OWID_IRENA
China,CHN,2022,365.96417,Wind,365964.17000000004,OWID_IRENA
China,CHN,2023,441.89493,Wind,441894.93,OWID_IRENA
China,CHN,2024,521.26575,Wind,521265.75,OWID_IRENA
Colombia,COL,2015,0.018,Wind,18.0,OWID_IRENA
Colombia,COL,2016,0.018,Wind,18.0,OWID_IRENA
Colombia,COL,2017,0.018,Wind,18.0,OWID_IRENA
Colombia,COL,2018,0.018,Wind,18.0,OWID_IRENA
Colombia,COL,2019,0.01842,Wind,18.419999999999998,OWID_IRENA
Colombia,COL,2020,0.01842,Wind,18.419999999999998,OWID_IRENA
Colombia,COL,2021,0.01842,Wind,18.419999999999998,OWID_IRENA
Colombia,COL,2022,0.0338,Wind,33.8,OWID_IRENA
Colombia,COL,2023,0.0338,Wind,33.8,OWID_IRENA
Colombia,COL,2024,0.0338,Wind,33.8,OWID_IRENA
Costa Rica,CRI,2015,0.278145,Wind,278.145,OWID_IRENA
Costa Rica,CRI,2016,0.319145,Wind,319.14500000000004,OWID_IRENA
Costa Rica,CRI,2017,0.37782502,Wind,377.82502,OWID_IRENA
Costa Rica,CRI,2018,0.40777498,Wind,407.77498,OWID_IRENA
Costa Rica,CRI,2019,0.41092002,Wind,410.92002,OWID_IRENA
Costa Rica,CRI,2020,0.39352,Wind,393.52,OWID_IRENA
Costa Rica,CRI,2021,0.39022,Wind,390.22,OWID_IRENA
Costa Rica,CRI,2022,0.39022,Wind,390.22,OWID_IRENA
Costa Rica,CRI,2023,0.40761998,Wind,407.61998,OWID_IRENA
Costa Rica,CRI,2024,0.402335,Wind,402.335,OWID_IRENA
Croatia,HRV,2015,0.418,Wind,418.0,OWID_IRENA
Croatia,HRV,2016,0.483,Wind,483.0,OWID_IRENA
Croatia,HRV,2017,0.5761,Wind,576.0999999999999,OWID_IRENA
Croatia,HRV,2018,0.5863,Wind,586.3000000000001,OWID_IRENA
Croatia,HRV,2019,0.64629996,Wind,646.29996,OWID_IRENA
Croatia,HRV,2020,0.8013,Wind,801.3000000000001,OWID_IRENA
Croatia,HRV,2021,0.98690003,Wind,986.90003,OWID_IRENA
Croatia,HRV,2022,0.98690003,Wind,986.90003,OWID_IRENA
Croatia,HRV,2023,1.1602,Wind,1160.1999999999998,OWID_IRENA
Croatia,HRV,2024,1.1911999,Wind,1191.1999,OWID_IRENA
Cuba,CUB,2015,0.015550001,Wind,15.550001,OWID_IRENA
Cuba,CUB,2016,0.015550001,Wind,15.550001,OWID_IRENA
Cuba,CUB,2017,0.015550001,Wind,15.550001,OWID_IRENA
Cuba,CUB,2018,0.015550001,Wind,15.550001,OWID_IRENA
Cuba,CUB,2019,0.016,Wind,16.0,OWID_IRENA
Cuba,CUB,2020,0.016,Wind,16.0,OWID_IRENA
Cuba,CUB,2021,0.016,Wind,16.0,OWID_IRENA
Cuba,CUB,2022,0.016,Wind,16.0,OWID_IRENA
Cuba,CUB,2023,0.016,Wind,16.0,OWID_IRENA
Cuba,CUB,2024,0.01645,Wind,16.45,OWID_IRENA
Curacao,CUW,2015,0.03,Wind,30.0,OWID_IRENA
Curacao,CUW,2016,0.03,Wind,30.0,OWID_IRENA
Curacao,CUW,2017,0.04725,Wind,47.25,OWID_IRENA
Curacao,CUW,2018,0.04725,Wind,47.25,OWID_IRENA
Curacao,CUW,2019,0.04725,Wind,47.25,OWID_IRENA
Curacao,CUW,2020,0.04725,Wind,47.25,OWID_IRENA
Curacao,CUW,2021,0.04725,Wind,47.25,OWID_IRENA
Curacao,CUW,2022,0.04725,Wind,47.25,OWID_IRENA
Curacao,CUW,2023,0.04725,Wind,47.25,OWID_IRENA
Curacao,CUW,2024,0.06975,Wind,69.75,OWID_IRENA
Cyprus,CYP,2015,0.157725,Wind,157.725,OWID_IRENA
Cyprus,CYP,2016,0.157725,Wind,157.725,OWID_IRENA
Cyprus,CYP,2017,0.157725,Wind,157.725,OWID_IRENA
Cyprus,CYP,2018,0.157725,Wind,157.725,OWID_IRENA
Cyprus,CYP,2019,0.157725,Wind,157.725,OWID_IRENA
Cyprus,CYP,2020,0.157725,Wind,157.725,OWID_IRENA
Cyprus,CYP,2021,0.1575,Wind,157.5,OWID_IRENA
Cyprus,CYP,2022,0.1575,Wind,157.5,OWID_IRENA
Cyprus,CYP,2023,0.1575,Wind,157.5,OWID_IRENA
Cyprus,CYP,2024,0.1575,Wind,157.5,OWID_IRENA
Czechia,CZE,2015,0.281,Wind,281.0,OWID_IRENA
Czechia,CZE,2016,0.282,Wind,282.0,OWID_IRENA
Czechia,CZE,2017,0.30820498,Wind,308.20498000000003,OWID_IRENA
Czechia,CZE,2018,0.31620002,Wind,316.20002000000005,OWID_IRENA
Czechia,CZE,2019,0.339414,Wind,339.414,OWID_IRENA
Czechia,CZE,2020,0.339424,Wind,339.424,OWID_IRENA
Czechia,CZE,2021,0.339414,Wind,339.414,OWID_IRENA
Czechia,CZE,2022,0.339095,Wind,339.09499999999997,OWID_IRENA
Czechia,CZE,2023,0.3425,Wind,342.5,OWID_IRENA
Czechia,CZE,2024,0.35579997,Wind,355.79997000000003,OWID_IRENA
Denmark,DNK,2015,5.076966,Wind,5076.965999999999,OWID_IRENA
Denmark,DNK,2016,5.245142,Wind,5245.142000000001,OWID_IRENA
Denmark,DNK,2017,5.4889493,Wind,5488.9493,OWID_IRENA
Denmark,DNK,2018,6.12266,Wind,6122.66,OWID_IRENA
Denmark,DNK,2019,6.110543,Wind,6110.543,OWID_IRENA
Denmark,DNK,2020,6.2585373,Wind,6258.5373,OWID_IRENA
Denmark,DNK,2021,7.003948,Wind,7003.948,OWID_IRENA
Denmark,DNK,2022,7.0838184,Wind,7083.8184,OWID_IRENA
Denmark,DNK,2023,7.2770057,Wind,7277.0057,OWID_IRENA
Denmark,DNK,2024,7.621006,Wind,7621.006,OWID_IRENA
Djibouti,DJI,2021,0.02,Wind,20.0,OWID_IRENA
Djibouti,DJI,2022,0.02,Wind,20.0,OWID_IRENA
Djibouti,DJI,2023,0.08,Wind,80.0,OWID_IRENA
Djibouti,DJI,2024,0.08,Wind,80.0,OWID_IRENA
Dominica,DMA,2015,0.00023100001,Wind,0.23100000999999998,OWID_IRENA
Dominica,DMA,2016,0.00023100001,Wind,0.23100000999999998,OWID_IRENA
Dominica,DMA,2017,0.00023100001,Wind,0.23100000999999998,OWID_IRENA
Dominica,DMA,2018,0.00023100001,Wind,0.23100000999999998,OWID_IRENA
Dominica,DMA,2019,0.00023100001,Wind,0.23100000999999998,OWID_IRENA
Dominica,DMA,2020,0.00023100001,Wind,0.23100000999999998,OWID_IRENA
Dominica,DMA,2021,0.00023100001,Wind,0.23100000999999998,OWID_IRENA
Dominica,DMA,2022,0.00023100001,Wind,0.23100000999999998,OWID_IRENA
Dominica,DMA,2023,0.00023100001,Wind,0.23100000999999998,OWID_IRENA
Dominica,DMA,2024,0.00023100001,Wind,0.23100000999999998,OWID_IRENA
Dominican Republic,DOM,2015,0.0855,Wind,85.5,OWID_IRENA
Dominican Republic,DOM,2016,0.13530001,Wind,135.30001,OWID_IRENA
Dominican Republic,DOM,2017,0.135,Wind,135.0,OWID_IRENA
Dominican Republic,DOM,2018,0.1833,Wind,183.29999999999998,OWID_IRENA
Dominican Republic,DOM,2019,0.3703,Wind,370.3,OWID_IRENA
Dominican Republic,DOM,2020,0.3703,Wind,370.3,OWID_IRENA
Dominican Republic,DOM,2021,0.3703,Wind,370.3,OWID_IRENA
Dominican Republic,DOM,2022,0.4171,Wind,417.1,OWID_IRENA
Dominican Republic,DOM,2023,0.4171,Wind,417.1,OWID_IRENA
Dominican Republic,DOM,2024,0.4327,Wind,432.7,OWID_IRENA
Ecuador,ECU,2015,0.02115,Wind,21.15,OWID_IRENA
Ecuador,ECU,2016,0.02115,Wind,21.15,OWID_IRENA
Ecuador,ECU,2017,0.02115,Wind,21.15,OWID_IRENA
Ecuador,ECU,2018,0.02115,Wind,21.15,OWID_IRENA
Ecuador,ECU,2019,0.02115,Wind,21.15,OWID_IRENA
Ecuador,ECU,2020,0.02115,Wind,21.15,OWID_IRENA
Ecuador,ECU,2021,0.02115,Wind,21.15,OWID_IRENA
Ecuador,ECU,2022,0.02115,Wind,21.15,OWID_IRENA
Ecuador,ECU,2023,0.07113001,Wind,71.13001,OWID_IRENA
Ecuador,ECU,2024,0.07113001,Wind,71.13001,OWID_IRENA
Egypt,EGY,2015,0.755,Wind,755.0,OWID_IRENA
Egypt,EGY,2016,0.755,Wind,755.0,OWID_IRENA
Egypt,EGY,2017,0.755,Wind,755.0,OWID_IRENA
Egypt,EGY,2018,1.13,Wind,1130.0,OWID_IRENA
Egypt,EGY,2019,1.132,Wind,1132.0,OWID_IRENA
Egypt,EGY,2020,1.38,Wind,1380.0,OWID_IRENA
Egypt,EGY,2021,1.64,Wind,1640.0,OWID_IRENA
Egypt,EGY,2022,1.6425,Wind,1642.5,OWID_IRENA
Egypt,EGY,2023,1.89,Wind,1890.0,OWID_IRENA
Egypt,EGY,2024,2.199,Wind,2199.0,OWID_IRENA
El Salvador,SLV,2020,0.036,Wind,36.0,OWID_IRENA
El Salvador,SLV,2021,0.054,Wind,54.0,OWID_IRENA
El Salvador,SLV,2022,0.054,Wind,54.0,OWID_IRENA
El Salvador,SLV,2023,0.054,Wind,54.0,OWID_IRENA
El Salvador,SLV,2024,0.054,Wind,54.0,OWID_IRENA
Eritrea,ERI,2015,0.000825,Wind,0.825,OWID_IRENA
Eritrea,ERI,2016,0.000825,Wind,0.825,OWID_IRENA
Eritrea,ERI,2017,0.000825,Wind,0.825,OWID_IRENA
Eritrea,ERI,2018,0.000825,Wind,0.825,OWID_IRENA
Eritrea,ERI,2019,0.000825,Wind,0.825,OWID_IRENA
Eritrea,ERI,2020,0.000825,Wind,0.825,OWID_IRENA
Eritrea,ERI,2021,0.000825,Wind,0.825,OWID_IRENA
Eritrea,ERI,2022,0.000825,Wind,0.825,OWID_IRENA
Eritrea,ERI,2023,0.000825,Wind,0.825,OWID_IRENA
Eritrea,ERI,2024,0.000825,Wind,0.825,OWID_IRENA
Estonia,EST,2015,0.3,Wind,300.0,OWID_IRENA
Estonia,EST,2016,0.31,Wind,310.0,OWID_IRENA
Estonia,EST,2017,0.31179997,Wind,311.79997,OWID_IRENA
Estonia,EST,2018,0.31,Wind,310.0,OWID_IRENA
Estonia,EST,2019,0.316,Wind,316.0,OWID_IRENA
Estonia,EST,2020,0.317,Wind,317.0,OWID_IRENA
Estonia,EST,2021,0.316,Wind,316.0,OWID_IRENA
Estonia,EST,2022,0.316,Wind,316.0,OWID_IRENA
Estonia,EST,2023,0.337,Wind,337.0,OWID_IRENA
Estonia,EST,2024,0.572,Wind,572.0,OWID_IRENA
Ethiopia,ETH,2015,0.324,Wind,324.0,OWID_IRENA
Ethiopia,ETH,2016,0.32400602,Wind,324.00602,OWID_IRENA
Ethiopia,ETH,2017,0.32400602,Wind,324.00602,OWID_IRENA
Ethiopia,ETH,2018,0.32400602,Wind,324.00602,OWID_IRENA
Ethiopia,ETH,2019,0.32400602,Wind,324.00602,OWID_IRENA
Ethiopia,ETH,2020,0.32400602,Wind,324.00602,OWID_IRENA
Ethiopia,ETH,2021,0.32400602,Wind,324.00602,OWID_IRENA
Ethiopia,ETH,2022,0.404006,Wind,404.006,OWID_IRENA
Ethiopia,ETH,2023,0.32400602,Wind,324.00602,OWID_IRENA
Ethiopia,ETH,2024,0.404006,Wind,404.006,OWID_IRENA
Falkland Islands,FLK,2015,0.00331,Wind,3.31,OWID_IRENA
Falkland Islands,FLK,2016,0.00331,Wind,3.31,OWID_IRENA
Falkland Islands,FLK,2017,0.00331,Wind,3.31,OWID_IRENA
Falkland Islands,FLK,2018,0.00331,Wind,3.31,OWID_IRENA
Falkland Islands,FLK,2019,0.00331,Wind,3.31,OWID_IRENA
Falkland Islands,FLK,2020,0.00331,Wind,3.31,OWID_IRENA
Falkland Islands,FLK,2021,0.00331,Wind,3.31,OWID_IRENA
Falkland Islands,FLK,2022,0.00331,Wind,3.31,OWID_IRENA
Falkland Islands,FLK,2023,0.00331,Wind,3.31,OWID_IRENA
Falkland Islands,FLK,2024,0.00331,Wind,3.31,OWID_IRENA
Faroe Islands,FRO,2015,0.02031,Wind,20.310000000000002,OWID_IRENA
Faroe Islands,FRO,2016,0.02031,Wind,20.310000000000002,OWID_IRENA
Faroe Islands,FRO,2017,0.02031,Wind,20.310000000000002,OWID_IRENA
Faroe Islands,FRO,2018,0.016350001,Wind,16.350001,OWID_IRENA
Faroe Islands,FRO,2019,0.01275,Wind,12.75,OWID_IRENA
Faroe Islands,FRO,2020,0.019049998,Wind,19.049998,OWID_IRENA
Faroe Islands,FRO,2021,0.0225,Wind,22.5,OWID_IRENA
Faroe Islands,FRO,2022,0.0477,Wind,47.7,OWID_IRENA
Faroe Islands,FRO,2023,0.065699995,Wind,65.699995,OWID_IRENA
Faroe Islands,FRO,2024,0.06768,Wind,67.68,OWID_IRENA
Fiji,FJI,2015,0.010175,Wind,10.175,OWID_IRENA
Fiji,FJI,2016,0.010175,Wind,10.175,OWID_IRENA
Fiji,FJI,2017,0.010175,Wind,10.175,OWID_IRENA
Fiji,FJI,2018,0.010175,Wind,10.175,OWID_IRENA
Fiji,FJI,2019,0.010175,Wind,10.175,OWID_IRENA
Fiji,FJI,2020,0.010175,Wind,10.175,OWID_IRENA
Fiji,FJI,2021,0.010175,Wind,10.175,OWID_IRENA
Fiji,FJI,2022,0.010175,Wind,10.175,OWID_IRENA
Fiji,FJI,2023,0.010175,Wind,10.175,OWID_IRENA
Fiji,FJI,2024,0.010175,Wind,10.175,OWID_IRENA
Finland,FIN,2015,1.005,Wind,1004.9999999999999,OWID_IRENA
Finland,FIN,2016,1.565,Wind,1565.0,OWID_IRENA
Finland,FIN,2017,2.044,Wind,2044.0,OWID_IRENA
Finland,FIN,2018,2.041,Wind,2041.0,OWID_IRENA
Finland,FIN,2019,2.284,Wind,2284.0,OWID_IRENA
Finland,FIN,2020,2.586,Wind,2586.0,OWID_IRENA
Finland,FIN,2021,3.257,Wind,3257.0,OWID_IRENA
Finland,FIN,2022,5.677,Wind,5677.0,OWID_IRENA
Finland,FIN,2023,6.946,Wind,6946.0,OWID_IRENA
Finland,FIN,2024,8.36,Wind,8360.0,OWID_IRENA
France,FRA,2015,10.298146,Wind,10298.145999999999,OWID_IRENA
France,FRA,2016,11.566562,Wind,11566.562,OWID_IRENA
France,FRA,2017,13.4993515,Wind,13499.351499999999,OWID_IRENA
France,FRA,2018,14.900143,Wind,14900.143,OWID_IRENA
France,FRA,2019,16.426853,Wind,16426.853000000003,OWID_IRENA
France,FRA,2020,17.535273,Wind,17535.273,OWID_IRENA
France,FRA,2021,18.55112,Wind,18551.120000000003,OWID_IRENA
France,FRA,2022,20.835176,Wind,20835.176,OWID_IRENA
France,FRA,2023,23.131613,Wind,23131.613,OWID_IRENA
France,FRA,2024,24.591614,Wind,24591.614,OWID_IRENA
French Polynesia,PYF,2015,0.000248,Wind,0.248,OWID_IRENA
French Polynesia,PYF,2016,0.000248,Wind,0.248,OWID_IRENA
French Polynesia,PYF,2017,0.000248,Wind,0.248,OWID_IRENA
French Polynesia,PYF,2018,0.000248,Wind,0.248,OWID_IRENA
French Polynesia,PYF,2019,0.000248,Wind,0.248,OWID_IRENA
French Polynesia,PYF,2020,0.000248,Wind,0.248,OWID_IRENA
French Polynesia,PYF,2021,0.000248,Wind,0.248,OWID_IRENA
French Polynesia,PYF,2022,0.000248,Wind,0.248,OWID_IRENA
French Polynesia,PYF,2023,0.000248,Wind,0.248,OWID_IRENA
French Polynesia,PYF,2024,0.000248,Wind,0.248,OWID_IRENA
Gambia,GMB,2015,0.0012139999,Wind,1.2139999,OWID_IRENA
Gambia,GMB,2016,0.0012139999,Wind,1.2139999,OWID_IRENA
Gambia,GMB,2017,0.0012139999,Wind,1.2139999,OWID_IRENA
Gambia,GMB,2018,0.0012139999,Wind,1.2139999,OWID_IRENA
Gambia,GMB,2019,0.0012139999,Wind,1.2139999,OWID_IRENA
Gambia,GMB,2020,0.0012139999,Wind,1.2139999,OWID_IRENA
Gambia,GMB,2021,0.0012139999,Wind,1.2139999,OWID_IRENA
Gambia,GMB,2022,0.0012139999,Wind,1.2139999,OWID_IRENA
Gambia,GMB,2023,0.0012139999,Wind,1.2139999,OWID_IRENA
Gambia,GMB,2024,0.0012139999,Wind,1.2139999,OWID_IRENA
Georgia,GEO,2016,0.02,Wind,20.0,OWID_IRENA
Georgia,GEO,2017,0.02,Wind,20.0,OWID_IRENA
Georgia,GEO,2018,0.02,Wind,20.0,OWID_IRENA
Georgia,GEO,2019,0.021,Wind,21.0,OWID_IRENA
Georgia,GEO,2020,0.021,Wind,21.0,OWID_IRENA
Georgia,GEO,2021,0.021,Wind,21.0,OWID_IRENA
Georgia,GEO,2022,0.02102,Wind,21.02,OWID_IRENA
Georgia,GEO,2023,0.021053,Wind,21.052999999999997,OWID_IRENA
Georgia,GEO,2024,0.021053,Wind,21.052999999999997,OWID_IRENA
Germany,DEU,2015,44.58,Wind,44580.0,OWID_IRENA
Germany,DEU,2016,49.435,Wind,49435.0,OWID_IRENA
Germany,DEU,2017,55.58,Wind,55580.0,OWID_IRENA
Germany,DEU,2018,58.721,Wind,58721.0,OWID_IRENA
Germany,DEU,2019,60.742,Wind,60742.0,OWID_IRENA
Germany,DEU,2020,62.201,Wind,62201.0,OWID_IRENA
Germany,DEU,2021,63.711,Wind,63711.0,OWID_IRENA
Germany,DEU,2022,66.202,Wind,66202.0,OWID_IRENA
Germany,DEU,2023,69.486,Wind,69486.0,OWID_IRENA
Germany,DEU,2024,72.823,Wind,72823.0,OWID_IRENA
Ghana,GHA,2015,2e-05,Wind,0.02,OWID_IRENA
Ghana,GHA,2016,2e-05,Wind,0.02,OWID_IRENA
Ghana,GHA,2017,2e-05,Wind,0.02,OWID_IRENA
Ghana,GHA,2018,2e-05,Wind,0.02,OWID_IRENA
Ghana,GHA,2019,2e-05,Wind,0.02,OWID_IRENA
Ghana,GHA,2020,2e-05,Wind,0.02,OWID_IRENA
Ghana,GHA,2021,2e-05,Wind,0.02,OWID_IRENA
Ghana,GHA,2022,2e-05,Wind,0.02,OWID_IRENA
Ghana,GHA,2023,2e-05,Wind,0.02,OWID_IRENA
Ghana,GHA,2024,2e-05,Wind,0.02,OWID_IRENA
Greece,GRC,2015,2.091,Wind,2091.0,OWID_IRENA
Greece,GRC,2016,2.37,Wind,2370.0,OWID_IRENA
Greece,GRC,2017,2.624,Wind,2624.0,OWID_IRENA
Greece,GRC,2018,2.877495,Wind,2877.4950000000003,OWID_IRENA
Greece,GRC,2019,3.589,Wind,3589.0,OWID_IRENA
Greece,GRC,2020,4.11925,Wind,4119.25,OWID_IRENA
Greece,GRC,2021,4.64913,Wind,4649.13,OWID_IRENA
Greece,GRC,2022,4.70233,Wind,4702.33,OWID_IRENA
Greece,GRC,2023,5.2317033,Wind,5231.7033,OWID_IRENA
Greece,GRC,2024,5.357203,Wind,5357.203,OWID_IRENA
Greenland,GRL,2018,5.0000002e-05,Wind,0.050000002,OWID_IRENA
Greenland,GRL,2019,5.0000002e-05,Wind,0.050000002,OWID_IRENA
Greenland,GRL,2020,5.0000002e-05,Wind,0.050000002,OWID_IRENA
Greenland,GRL,2021,5.0000002e-05,Wind,0.050000002,OWID_IRENA
Greenland,GRL,2022,5.6e-05,Wind,0.056,OWID_IRENA
Greenland,GRL,2023,5.6e-05,Wind,0.056,OWID_IRENA
Greenland,GRL,2024,7.1e-05,Wind,0.07100000000000001,OWID_IRENA
Grenada,GRD,2015,8e-05,Wind,0.08,OWID_IRENA
Grenada,GRD,2016,8e-05,Wind,0.08,OWID_IRENA
Grenada,GRD,2017,8e-05,Wind,0.08,OWID_IRENA
Grenada,GRD,2018,8e-05,Wind,0.08,OWID_IRENA
Grenada,GRD,2019,8e-05,Wind,0.08,OWID_IRENA
Grenada,GRD,2020,8e-05,Wind,0.08,OWID_IRENA
Grenada,GRD,2021,8e-05,Wind,0.08,OWID_IRENA
Grenada,GRD,2022,8e-05,Wind,0.08,OWID_IRENA
Grenada,GRD,2023,8e-05,Wind,0.08,OWID_IRENA
Grenada,GRD,2024,8e-05,Wind,0.08,OWID_IRENA
Guadeloupe,GLP,2015,0.026815,Wind,26.814999999999998,OWID_IRENA
Guadeloupe,GLP,2016,0.027335,Wind,27.335,OWID_IRENA
Guadeloupe,GLP,2017,0.027335,Wind,27.335,OWID_IRENA
Guadeloupe,GLP,2018,0.043335,Wind,43.335,OWID_IRENA
Guadeloupe,GLP,2019,0.048435003,Wind,48.435002999999995,OWID_IRENA
Guadeloupe,GLP,2020,0.042105,Wind,42.105,OWID_IRENA
Guadeloupe,GLP,2021,0.052005,Wind,52.005,OWID_IRENA
Guadeloupe,GLP,2022,0.056025002,Wind,56.025002,OWID_IRENA
Guadeloupe,GLP,2023,0.056025002,Wind,56.025002,OWID_IRENA
Guadeloupe,GLP,2024,0.057025,Wind,57.025,OWID_IRENA
Guam,GUM,2016,0.000275,Wind,0.275,OWID_IRENA
Guam,GUM,2017,0.000275,Wind,0.275,OWID_IRENA
Guam,GUM,2018,0.000275,Wind,0.275,OWID_IRENA
Guam,GUM,2019,0.000275,Wind,0.275,OWID_IRENA
Guam,GUM,2020,0.000275,Wind,0.275,OWID_IRENA
Guam,GUM,2021,0.000275,Wind,0.275,OWID_IRENA
Guam,GUM,2022,0.000275,Wind,0.275,OWID_IRENA
Guam,GUM,2023,0.000275,Wind,0.275,OWID_IRENA
Guam,GUM,2024,0.000275,Wind,0.275,OWID_IRENA
Guatemala,GTM,2015,0.0759,Wind,75.89999999999999,OWID_IRENA
Guatemala,GTM,2016,0.0759,Wind,75.89999999999999,OWID_IRENA
Guatemala,GTM,2017,0.0759,Wind,75.89999999999999,OWID_IRENA
Guatemala,GTM,2018,0.1074,Wind,107.39999999999999,OWID_IRENA
Guatemala,GTM,2019,0.1074,Wind,107.39999999999999,OWID_IRENA
Guatemala,GTM,2020,0.1074,Wind,107.39999999999999,OWID_IRENA
Guatemala,GTM,2021,0.1074,Wind,107.39999999999999,OWID_IRENA
Guatemala,GTM,2022,0.1074,Wind,107.39999999999999,OWID_IRENA
Guatemala,GTM,2023,0.1074,Wind,107.39999999999999,OWID_IRENA
Guatemala,GTM,2024,0.1074,Wind,107.39999999999999,OWID_IRENA
Guyana,GUY,2015,4e-05,Wind,0.04,OWID_IRENA
Guyana,GUY,2016,4e-05,Wind,0.04,OWID_IRENA
Guyana,GUY,2017,4e-05,Wind,0.04,OWID_IRENA
Guyana,GUY,2018,4e-05,Wind,0.04,OWID_IRENA
Guyana,GUY,2019,4e-05,Wind,0.04,OWID_IRENA
Guyana,GUY,2020,4e-05,Wind,0.04,OWID_IRENA
Guyana,GUY,2021,4e-05,Wind,0.04,OWID_IRENA
Guyana,GUY,2022,4e-05,Wind,0.04,OWID_IRENA
Guyana,GUY,2023,4e-05,Wind,0.04,OWID_IRENA
Guyana,GUY,2024,4e-05,Wind,0.04,OWID_IRENA
Haiti,HTI,2018,2.4e-05,Wind,0.024,OWID_IRENA
Haiti,HTI,2019,2.4e-05,Wind,0.024,OWID_IRENA
Haiti,HTI,2020,2.4e-05,Wind,0.024,OWID_IRENA
Haiti,HTI,2021,2.4e-05,Wind,0.024,OWID_IRENA
Haiti,HTI,2022,2.4e-05,Wind,0.024,OWID_IRENA
Haiti,HTI,2023,2.4e-05,Wind,0.024,OWID_IRENA
Haiti,HTI,2024,2.4e-05,Wind,0.024,OWID_IRENA
Honduras,HND,2015,0.15589999,Wind,155.89999,OWID_IRENA
Honduras,HND,2016,0.17889999,Wind,178.89999,OWID_IRENA
Honduras,HND,2017,0.2289,Wind,228.9,OWID_IRENA
Honduras,HND,2018,0.2289,Wind,228.9,OWID_IRENA
Honduras,HND,2019,0.23889999,Wind,238.89999,OWID_IRENA
Honduras,HND,2020,0.23889999,Wind,238.89999,OWID_IRENA
Honduras,HND,2021,0.23889999,Wind,238.89999,OWID_IRENA
Honduras,HND,2022,0.23889999,Wind,238.89999,OWID_IRENA
Honduras,HND,2023,0.23889999,Wind,238.89999,OWID_IRENA
Honduras,HND,2024,0.23889999,Wind,238.89999,OWID_IRENA
Hong Kong,HKG,2017,0.00080299994,Wind,0.8029999400000001,OWID_IRENA
Hong Kong,HKG,2018,0.00080299994,Wind,0.8029999400000001,OWID_IRENA
Hong Kong,HKG,2019,0.00080299994,Wind,0.8029999400000001,OWID_IRENA
Hong Kong,HKG,2020,0.00080299994,Wind,0.8029999400000001,OWID_IRENA
Hong Kong,HKG,2021,0.00080299994,Wind,0.8029999400000001,OWID_IRENA
Hong Kong,HKG,2022,0.00080000004,Wind,0.80000004,OWID_IRENA
Hong Kong,HKG,2023,0.00080000004,Wind,0.80000004,OWID_IRENA
Hong Kong,HKG,2024,0.00080000004,Wind,0.80000004,OWID_IRENA
Hungary,HUN,2015,0.329,Wind,329.0,OWID_IRENA
Hungary,HUN,2016,0.329,Wind,329.0,OWID_IRENA
Hungary,HUN,2017,0.329,Wind,329.0,OWID_IRENA
Hungary,HUN,2018,0.329,Wind,329.0,OWID_IRENA
Hungary,HUN,2019,0.323,Wind,323.0,OWID_IRENA
Hungary,HUN,2020,0.323,Wind,323.0,OWID_IRENA
Hungary,HUN,2021,0.324,Wind,324.0,OWID_IRENA
Hungary,HUN,2022,0.324,Wind,324.0,OWID_IRENA
Hungary,HUN,2023,0.324,Wind,324.0,OWID_IRENA
Hungary,HUN,2024,0.324,Wind,324.0,OWID_IRENA
Iceland,ISL,2015,0.003,Wind,3.0,OWID_IRENA
Iceland,ISL,2016,0.003,Wind,3.0,OWID_IRENA
Iceland,ISL,2017,0.00243,Wind,2.4299999999999997,OWID_IRENA
Iceland,ISL,2018,0.0024,Wind,2.4,OWID_IRENA
Iceland,ISL,2019,0.0024,Wind,2.4,OWID_IRENA
Iceland,ISL,2020,0.0018,Wind,1.8,OWID_IRENA
Iceland,ISL,2021,0.0018,Wind,1.8,OWID_IRENA
Iceland,ISL,2022,0.001908,Wind,1.908,OWID_IRENA
Iceland,ISL,2023,0.00364,Wind,3.64,OWID_IRENA
Iceland,ISL,2024,0.00364,Wind,3.64,OWID_IRENA
India,IND,2015,25.08819,Wind,25088.190000000002,OWID_IRENA
India,IND,2016,28.70044,Wind,28700.44,OWID_IRENA
India,IND,2017,32.84846,Wind,32848.46000000001,OWID_IRENA
India,IND,2018,35.2881,Wind,35288.1,OWID_IRENA
India,IND,2019,37.50518,Wind,37505.18,OWID_IRENA
India,IND,2020,38.5586,Wind,38558.6,OWID_IRENA
India,IND,2021,40.067265,Wind,40067.265,OWID_IRENA
India,IND,2022,41.929783,Wind,41929.783,OWID_IRENA
India,IND,2023,44.736237,Wind,44736.237,OWID_IRENA
India,IND,2024,48.16316,Wind,48163.159999999996,OWID_IRENA
Indonesia,IDN,2015,0.00146,Wind,1.46,OWID_IRENA
Indonesia,IDN,2016,0.00146,Wind,1.46,OWID_IRENA
Indonesia,IDN,2017,0.00146,Wind,1.46,OWID_IRENA
Indonesia,IDN,2018,0.14351,Wind,143.51,OWID_IRENA
Indonesia,IDN,2019,0.15431,Wind,154.31,OWID_IRENA
Indonesia,IDN,2020,0.15431,Wind,154.31,OWID_IRENA
Indonesia,IDN,2021,0.15431,Wind,154.31,OWID_IRENA
Indonesia,IDN,2022,0.15431,Wind,154.31,OWID_IRENA
Indonesia,IDN,2023,0.1523,Wind,152.29999999999998,OWID_IRENA
Indonesia,IDN,2024,0.1523,Wind,152.29999999999998,OWID_IRENA
Iran,IRN,2015,0.15344,Wind,153.44,OWID_IRENA
Iran,IRN,2016,0.19094001,Wind,190.94001,OWID_IRENA
Iran,IRN,2017,0.259,Wind,259.0,OWID_IRENA
Iran,IRN,2018,0.282,Wind,282.0,OWID_IRENA
Iran,IRN,2019,0.30492002,Wind,304.92002,OWID_IRENA
Iran,IRN,2020,0.30808,Wind,308.08000000000004,OWID_IRENA
Iran,IRN,2021,0.3102,Wind,310.2,OWID_IRENA
Iran,IRN,2022,0.342,Wind,342.0,OWID_IRENA
Iran,IRN,2023,0.36489,Wind,364.89,OWID_IRENA
Iran,IRN,2024,0.37629998,Wind,376.29998,OWID_IRENA
Ireland,IRL,2015,2.45115,Wind,2451.15,OWID_IRENA
Ireland,IRL,2016,2.8016498,Wind,2801.6497999999997,OWID_IRENA
Ireland,IRL,2017,3.31915,Wind,3319.15,OWID_IRENA
Ireland,IRL,2018,3.6738498,Wind,3673.8498,OWID_IRENA
Ireland,IRL,2019,4.12645,Wind,4126.45,OWID_IRENA
Ireland,IRL,2020,4.3067,Wind,4306.7,OWID_IRENA
Ireland,IRL,2021,4.339041,Wind,4339.041,OWID_IRENA
Ireland,IRL,2022,4.5361314,Wind,4536.1314,OWID_IRENA
Ireland,IRL,2023,4.739251,Wind,4739.251,OWID_IRENA
Ireland,IRL,2024,4.9419513,Wind,4941.951300000001,OWID_IRENA
Israel,ISR,2015,0.006,Wind,6.0,OWID_IRENA
Israel,ISR,2016,0.02725,Wind,27.25,OWID_IRENA
Israel,ISR,2017,0.02725,Wind,27.25,OWID_IRENA
Israel,ISR,2018,0.02725,Wind,27.25,OWID_IRENA
Israel,ISR,2019,0.02725,Wind,27.25,OWID_IRENA
Israel,ISR,2020,0.02725,Wind,27.25,OWID_IRENA
Israel,ISR,2021,0.02725,Wind,27.25,OWID_IRENA
Israel,ISR,2022,0.13625,Wind,136.25,OWID_IRENA
Israel,ISR,2023,0.34325,Wind,343.25,OWID_IRENA
Israel,ISR,2024,0.34325,Wind,343.25,OWID_IRENA
Italy,ITA,2015,9.137,Wind,9137.0,OWID_IRENA
Italy,ITA,2016,9.384,Wind,9384.0,OWID_IRENA
Italy,ITA,2017,9.736578,Wind,9736.578,OWID_IRENA
Italy,ITA,2018,10.230247,Wind,10230.247000000001,OWID_IRENA
Italy,ITA,2019,10.67946,Wind,10679.460000000001,OWID_IRENA
Italy,ITA,2020,10.870622,Wind,10870.622,OWID_IRENA
Italy,ITA,2021,11.253734,Wind,11253.734,OWID_IRENA
Italy,ITA,2022,11.820508,Wind,11820.508,OWID_IRENA
Italy,ITA,2023,12.3073,Wind,12307.3,OWID_IRENA
Italy,ITA,2024,12.9923,Wind,12992.3,OWID_IRENA
Jamaica,JAM,2015,0.0419,Wind,41.9,OWID_IRENA
Jamaica,JAM,2016,0.102,Wind,102.0,OWID_IRENA
Jamaica,JAM,2017,0.102,Wind,102.0,OWID_IRENA
Jamaica,JAM,2018,0.102,Wind,102.0,OWID_IRENA
Jamaica,JAM,2019,0.102,Wind,102.0,OWID_IRENA
Jamaica,JAM,2020,0.102,Wind,102.0,OWID_IRENA
Jamaica,JAM,2021,0.102,Wind,102.0,OWID_IRENA
Jamaica,JAM,2022,0.102,Wind,102.0,OWID_IRENA
Jamaica,JAM,2023,0.102,Wind,102.0,OWID_IRENA
Jamaica,JAM,2024,0.102,Wind,102.0,OWID_IRENA
Japan,JPN,2015,2.809,Wind,2809.0,OWID_IRENA
Japan,JPN,2016,3.205,Wind,3205.0,OWID_IRENA
Japan,JPN,2017,3.482932,Wind,3482.932,OWID_IRENA
Japan,JPN,2018,3.497614,Wind,3497.614,OWID_IRENA
Japan,JPN,2019,3.951271,Wind,3951.271,OWID_IRENA
Japan,JPN,2020,4.119121,Wind,4119.121,OWID_IRENA
Japan,JPN,2021,4.261686,Wind,4261.686,OWID_IRENA
Japan,JPN,2022,4.483477,Wind,4483.477,OWID_IRENA
Japan,JPN,2023,5.369031,Wind,5369.031,OWID_IRENA
Japan,JPN,2024,5.858031,Wind,5858.031000000001,OWID_IRENA
Jordan,JOR,2015,0.1184,Wind,118.4,OWID_IRENA
Jordan,JOR,2016,0.18439999,Wind,184.39999,OWID_IRENA
Jordan,JOR,2017,0.19839999,Wind,198.39999,OWID_IRENA
Jordan,JOR,2018,0.2945,Wind,294.5,OWID_IRENA
Jordan,JOR,2019,0.3836,Wind,383.6,OWID_IRENA
Jordan,JOR,2020,0.52861,Wind,528.61,OWID_IRENA
Jordan,JOR,2021,0.63211,Wind,632.1099999999999,OWID_IRENA
Jordan,JOR,2022,0.63211,Wind,632.1099999999999,OWID_IRENA
Jordan,JOR,2023,0.63111,Wind,631.1099999999999,OWID_IRENA
Jordan,JOR,2024,0.63111,Wind,631.1099999999999,OWID_IRENA
Kazakhstan,KAZ,2015,0.071755,Wind,71.755,OWID_IRENA
Kazakhstan,KAZ,2016,0.098160006,Wind,98.160006,OWID_IRENA
Kazakhstan,KAZ,2017,0.1124,Wind,112.4,OWID_IRENA
Kazakhstan,KAZ,2018,0.12145,Wind,121.45,OWID_IRENA
Kazakhstan,KAZ,2019,0.28379998,Wind,283.79998,OWID_IRENA
Kazakhstan,KAZ,2020,0.4863,Wind,486.3,OWID_IRENA
Kazakhstan,KAZ,2021,0.68395,Wind,683.9499999999999,OWID_IRENA
Kazakhstan,KAZ,2022,1.10775,Wind,1107.75,OWID_IRENA
Kazakhstan,KAZ,2023,1.44,Wind,1440.0,OWID_IRENA
Kazakhstan,KAZ,2024,1.52005,Wind,1520.05,OWID_IRENA
Kenya,KEN,2015,0.0261,Wind,26.1,OWID_IRENA
Kenya,KEN,2016,0.0261,Wind,26.1,OWID_IRENA
Kenya,KEN,2017,0.026209999,Wind,26.209999,OWID_IRENA
Kenya,KEN,2018,0.3361,Wind,336.1,OWID_IRENA
Kenya,KEN,2019,0.3361,Wind,336.1,OWID_IRENA
Kenya,KEN,2020,0.3361,Wind,336.1,OWID_IRENA
Kenya,KEN,2021,0.4361,Wind,436.09999999999997,OWID_IRENA
Kenya,KEN,2022,0.4361,Wind,436.09999999999997,OWID_IRENA
Kenya,KEN,2023,0.4361,Wind,436.09999999999997,OWID_IRENA
Kenya,KEN,2024,0.43614998,Wind,436.14997999999997,OWID_IRENA
Kosovo,OWID_KOS,2015,0.001,Wind,1.0,OWID_IRENA
Kosovo,OWID_KOS,2016,0.001,Wind,1.0,OWID_IRENA
Kosovo,OWID_KOS,2017,0.03375,Wind,33.75,OWID_IRENA
Kosovo,OWID_KOS,2018,0.03375,Wind,33.75,OWID_IRENA
Kosovo,OWID_KOS,2019,0.03375,Wind,33.75,OWID_IRENA
Kosovo,OWID_KOS,2020,0.03375,Wind,33.75,OWID_IRENA
Kosovo,OWID_KOS,2021,0.03375,Wind,33.75,OWID_IRENA
Kosovo,OWID_KOS,2022,0.068220004,Wind,68.220004,OWID_IRENA
Kosovo,OWID_KOS,2023,0.13722,Wind,137.22,OWID_IRENA
Kosovo,OWID_KOS,2024,0.13722,Wind,137.22,OWID_IRENA
Kuwait,KWT,2015,0.0024,Wind,2.4,OWID_IRENA
Kuwait,KWT,2016,0.0024,Wind,2.4,OWID_IRENA
Kuwait,KWT,2017,0.0024,Wind,2.4,OWID_IRENA
Kuwait,KWT,2018,0.012399999,Wind,12.399999,OWID_IRENA
Kuwait,KWT,2019,0.012399999,Wind,12.399999,OWID_IRENA
Kuwait,KWT,2020,0.012399999,Wind,12.399999,OWID_IRENA
Kuwait,KWT,2021,0.012399999,Wind,12.399999,OWID_IRENA
Kuwait,KWT,2022,0.012399999,Wind,12.399999,OWID_IRENA
Kuwait,KWT,2023,0.012399999,Wind,12.399999,OWID_IRENA
Kuwait,KWT,2024,0.012399999,Wind,12.399999,OWID_IRENA
Latvia,LVA,2015,0.068165004,Wind,68.165004,OWID_IRENA
Latvia,LVA,2016,0.069905,Wind,69.905,OWID_IRENA
Latvia,LVA,2017,0.077105,Wind,77.105,OWID_IRENA
Latvia,LVA,2018,0.078172,Wind,78.17200000000001,OWID_IRENA
Latvia,LVA,2019,0.078172,Wind,78.17200000000001,OWID_IRENA
Latvia,LVA,2020,0.078172,Wind,78.17200000000001,OWID_IRENA
Latvia,LVA,2021,0.077129,Wind,77.129,OWID_IRENA
Latvia,LVA,2022,0.082426004,Wind,82.42600399999999,OWID_IRENA
Latvia,LVA,2023,0.128268,Wind,128.268,OWID_IRENA
Latvia,LVA,2024,0.128268,Wind,128.268,OWID_IRENA
Lebanon,LBN,2015,0.003,Wind,3.0,OWID_IRENA
Lebanon,LBN,2016,0.003,Wind,3.0,OWID_IRENA
Lebanon,LBN,2017,0.003,Wind,3.0,OWID_IRENA
Lebanon,LBN,2018,0.003,Wind,3.0,OWID_IRENA
Lebanon,LBN,2019,0.003,Wind,3.0,OWID_IRENA
Lebanon,LBN,2020,0.003,Wind,3.0,OWID_IRENA
Lebanon,LBN,2021,0.003,Wind,3.0,OWID_IRENA
Lebanon,LBN,2022,0.003,Wind,3.0,OWID_IRENA
Lebanon,LBN,2023,0.003,Wind,3.0,OWID_IRENA
Lebanon,LBN,2024,0.003,Wind,3.0,OWID_IRENA
Lithuania,LTU,2015,0.436,Wind,436.0,OWID_IRENA
Lithuania,LTU,2016,0.509,Wind,509.0,OWID_IRENA
Lithuania,LTU,2017,0.518,Wind,518.0,OWID_IRENA
Lithuania,LTU,2018,0.533,Wind,533.0,OWID_IRENA
Lithuania,LTU,2019,0.534,Wind,534.0,OWID_IRENA
Lithuania,LTU,2020,0.54,Wind,540.0,OWID_IRENA
Lithuania,LTU,2021,0.671,Wind,671.0,OWID_IRENA
Lithuania,LTU,2022,0.946,Wind,946.0,OWID_IRENA
Lithuania,LTU,2023,1.284,Wind,1284.0,OWID_IRENA
Lithuania,LTU,2024,1.828,Wind,1828.0,OWID_IRENA
Luxembourg,LUX,2015,0.063794,Wind,63.794000000000004,OWID_IRENA
Luxembourg,LUX,2016,0.119694,Wind,119.69399999999999,OWID_IRENA
Luxembourg,LUX,2017,0.119694,Wind,119.69399999999999,OWID_IRENA
Luxembourg,LUX,2018,0.122894,Wind,122.894,OWID_IRENA
Luxembourg,LUX,2019,0.13579401,Wind,135.79401,OWID_IRENA
Luxembourg,LUX,2020,0.15274401,Wind,152.74401,OWID_IRENA
Luxembourg,LUX,2021,0.136444,Wind,136.44400000000002,OWID_IRENA
Luxembourg,LUX,2022,0.165334,Wind,165.334,OWID_IRENA
Luxembourg,LUX,2023,0.20733501,Wind,207.33500999999998,OWID_IRENA
Luxembourg,LUX,2024,0.210335,Wind,210.335,OWID_IRENA
Madagascar,MDG,2015,0.000177,Wind,0.177,OWID_IRENA
Madagascar,MDG,2016,0.000177,Wind,0.177,OWID_IRENA
Madagascar,MDG,2017,0.000177,Wind,0.177,OWID_IRENA
Madagascar,MDG,2018,0.000177,Wind,0.177,OWID_IRENA
Madagascar,MDG,2019,0.000177,Wind,0.177,OWID_IRENA
Madagascar,MDG,2020,0.000177,Wind,0.177,OWID_IRENA
Madagascar,MDG,2021,0.000177,Wind,0.177,OWID_IRENA
Madagascar,MDG,2022,0.000177,Wind,0.177,OWID_IRENA
Madagascar,MDG,2023,0.000177,Wind,0.177,OWID_IRENA
Madagascar,MDG,2024,0.000177,Wind,0.177,OWID_IRENA
Maldives,MDV,2015,0.001407,Wind,1.407,OWID_IRENA
Maldives,MDV,2016,0.001407,Wind,1.407,OWID_IRENA
Maldives,MDV,2017,0.001407,Wind,1.407,OWID_IRENA
Maldives,MDV,2018,0.001407,Wind,1.407,OWID_IRENA
Maldives,MDV,2019,0.001407,Wind,1.407,OWID_IRENA
Maldives,MDV,2020,0.001407,Wind,1.407,OWID_IRENA
Maldives,MDV,2021,0.001407,Wind,1.407,OWID_IRENA
Maldives,MDV,2022,0.001407,Wind,1.407,OWID_IRENA
Maldives,MDV,2023,0.001407,Wind,1.407,OWID_IRENA
Maldives,MDV,2024,0.001407,Wind,1.407,OWID_IRENA
Malta,MLT,2015,0.000100000005,Wind,0.100000005,OWID_IRENA
Malta,MLT,2016,0.000100000005,Wind,0.100000005,OWID_IRENA
Malta,MLT,2017,0.000100000005,Wind,0.100000005,OWID_IRENA
Malta,MLT,2018,0.000100000005,Wind,0.100000005,OWID_IRENA
Malta,MLT,2019,0.000100000005,Wind,0.100000005,OWID_IRENA
Malta,MLT,2020,0.000100000005,Wind,0.100000005,OWID_IRENA
Malta,MLT,2021,0.000100000005,Wind,0.100000005,OWID_IRENA
Malta,MLT,2022,0.000100000005,Wind,0.100000005,OWID_IRENA
Malta,MLT,2023,5.7e-05,Wind,0.057,OWID_IRENA
Malta,MLT,2024,5.7e-05,Wind,0.057,OWID_IRENA
Marshall Islands,MHL,2015,1e-05,Wind,0.01,OWID_IRENA
Marshall Islands,MHL,2016,1e-05,Wind,0.01,OWID_IRENA
Marshall Islands,MHL,2017,1e-05,Wind,0.01,OWID_IRENA
Marshall Islands,MHL,2018,1.1e-05,Wind,0.011,OWID_IRENA
Marshall Islands,MHL,2019,1.1e-05,Wind,0.011,OWID_IRENA
Marshall Islands,MHL,2020,1.1e-05,Wind,0.011,OWID_IRENA
Marshall Islands,MHL,2021,1.1e-05,Wind,0.011,OWID_IRENA
Marshall Islands,MHL,2022,1.1e-05,Wind,0.011,OWID_IRENA
Marshall Islands,MHL,2023,1.1e-05,Wind,0.011,OWID_IRENA
Marshall Islands,MHL,2024,1.1e-05,Wind,0.011,OWID_IRENA
Martinique,MTQ,2015,0.0011,Wind,1.1,OWID_IRENA
Martinique,MTQ,2016,0.0011,Wind,1.1,OWID_IRENA
Martinique,MTQ,2017,0.0011,Wind,1.1,OWID_IRENA
Martinique,MTQ,2018,0.0011,Wind,1.1,OWID_IRENA
Martinique,MTQ,2019,0.014,Wind,14.0,OWID_IRENA
Martinique,MTQ,2020,0.0151,Wind,15.100000000000001,OWID_IRENA
Martinique,MTQ,2021,0.014,Wind,14.0,OWID_IRENA
Martinique,MTQ,2022,0.014,Wind,14.0,OWID_IRENA
Martinique,MTQ,2023,0.014,Wind,14.0,OWID_IRENA
Martinique,MTQ,2024,0.014,Wind,14.0,OWID_IRENA
Mauritania,MRT,2015,0.0344,Wind,34.4,OWID_IRENA
Mauritania,MRT,2016,0.0344,Wind,34.4,OWID_IRENA
Mauritania,MRT,2017,0.0344,Wind,34.4,OWID_IRENA
Mauritania,MRT,2018,0.0344,Wind,34.4,OWID_IRENA
Mauritania,MRT,2019,0.0344,Wind,34.4,OWID_IRENA
Mauritania,MRT,2020,0.0344,Wind,34.4,OWID_IRENA
Mauritania,MRT,2021,0.0344,Wind,34.4,OWID_IRENA
Mauritania,MRT,2022,0.0344,Wind,34.4,OWID_IRENA
Mauritania,MRT,2023,0.13677499,Wind,136.77499,OWID_IRENA
Mauritania,MRT,2024,0.13677499,Wind,136.77499,OWID_IRENA
Mauritius,MUS,2015,0.00128,Wind,1.28,OWID_IRENA
Mauritius,MUS,2016,0.01063,Wind,10.63,OWID_IRENA
Mauritius,MUS,2017,0.01063,Wind,10.63,OWID_IRENA
Mauritius,MUS,2018,0.01063,Wind,10.63,OWID_IRENA
Mauritius,MUS,2019,0.01063,Wind,10.63,OWID_IRENA
Mauritius,MUS,2020,0.01063,Wind,10.63,OWID_IRENA
Mauritius,MUS,2021,0.01063,Wind,10.63,OWID_IRENA
Mauritius,MUS,2022,0.01063,Wind,10.63,OWID_IRENA
Mauritius,MUS,2023,0.01063,Wind,10.63,OWID_IRENA
Mauritius,MUS,2024,0.01063,Wind,10.63,OWID_IRENA
Mexico,MEX,2015,3.271191,Wind,3271.191,OWID_IRENA
Mexico,MEX,2016,4.051194,Wind,4051.194,OWID_IRENA
Mexico,MEX,2017,4.1803923,Wind,4180.3923,OWID_IRENA
Mexico,MEX,2018,4.1802597,Wind,4180.2597,OWID_IRENA
Mexico,MEX,2019,6.54126,Wind,6541.26,OWID_IRENA
Mexico,MEX,2020,6.9954333,Wind,6995.433300000001,OWID_IRENA
Mexico,MEX,2021,7.4685297,Wind,7468.5297,OWID_IRENA
Mexico,MEX,2022,7.6336803,Wind,7633.6803,OWID_IRENA
Mexico,MEX,2023,7.3177204,Wind,7317.7204,OWID_IRENA
Mexico,MEX,2024,7.3177204,Wind,7317.7204,OWID_IRENA
Micronesia (country),FSM,2018,0.000825,Wind,0.825,OWID_IRENA
Micronesia (country),FSM,2019,0.000825,Wind,0.825,OWID_IRENA
Micronesia (country),FSM,2020,0.000825,Wind,0.825,OWID_IRENA
Micronesia (country),FSM,2021,0.000825,Wind,0.825,OWID_IRENA
Micronesia (country),FSM,2022,0.000825,Wind,0.825,OWID_IRENA
Micronesia (country),FSM,2023,0.000825,Wind,0.825,OWID_IRENA
Micronesia (country),FSM,2024,0.000825,Wind,0.825,OWID_IRENA
Moldova,MDA,2015,0.001,Wind,1.0,OWID_IRENA
Moldova,MDA,2016,0.001778,Wind,1.778,OWID_IRENA
Moldova,MDA,2017,0.00919,Wind,9.19,OWID_IRENA
Moldova,MDA,2018,0.033,Wind,33.0,OWID_IRENA
Moldova,MDA,2019,0.035,Wind,35.0,OWID_IRENA
Moldova,MDA,2020,0.041,Wind,41.0,OWID_IRENA
Moldova,MDA,2021,0.067,Wind,67.0,OWID_IRENA
Moldova,MDA,2022,0.1151,Wind,115.1,OWID_IRENA
Moldova,MDA,2023,0.14132,Wind,141.32,OWID_IRENA
Moldova,MDA,2024,0.12253,Wind,122.53,OWID_IRENA
Mongolia,MNG,2015,0.050605997,Wind,50.605997,OWID_IRENA
Mongolia,MNG,2016,0.050605997,Wind,50.605997,OWID_IRENA
Mongolia,MNG,2017,0.101005994,Wind,101.005994,OWID_IRENA
Mongolia,MNG,2018,0.156006,Wind,156.006,OWID_IRENA
Mongolia,MNG,2019,0.156006,Wind,156.006,OWID_IRENA
Mongolia,MNG,2020,0.156,Wind,156.0,OWID_IRENA
Mongolia,MNG,2021,0.155994,Wind,155.994,OWID_IRENA
Mongolia,MNG,2022,0.15598899,Wind,155.98899,OWID_IRENA
Mongolia,MNG,2023,0.154589,Wind,154.589,OWID_IRENA
Mongolia,MNG,2024,0.15598899,Wind,155.98899,OWID_IRENA
Montenegro,MNE,2017,0.072,Wind,72.0,OWID_IRENA
Montenegro,MNE,2018,0.072,Wind,72.0,OWID_IRENA
Montenegro,MNE,2019,0.118,Wind,118.0,OWID_IRENA
Montenegro,MNE,2020,0.118,Wind,118.0,OWID_IRENA
Montenegro,MNE,2021,0.118,Wind,118.0,OWID_IRENA
Montenegro,MNE,2022,0.118,Wind,118.0,OWID_IRENA
Montenegro,MNE,2023,0.118,Wind,118.0,OWID_IRENA
Montenegro,MNE,2024,0.118,Wind,118.0,OWID_IRENA
Morocco,MAR,2015,0.797,Wind,797.0,OWID_IRENA
Morocco,MAR,2016,0.902,Wind,902.0,OWID_IRENA
Morocco,MAR,2017,1.022,Wind,1022.0,OWID_IRENA
Morocco,MAR,2018,1.225,Wind,1225.0,OWID_IRENA
Morocco,MAR,2019,1.225,Wind,1225.0,OWID_IRENA
Morocco,MAR,2020,1.435,Wind,1435.0,OWID_IRENA
Morocco,MAR,2021,1.471,Wind,1471.0,OWID_IRENA
Morocco,MAR,2022,1.558,Wind,1558.0,OWID_IRENA
Morocco,MAR,2023,2.076,Wind,2076.0,OWID_IRENA
Morocco,MAR,2024,2.395,Wind,2395.0,OWID_IRENA
Myanmar,MMR,2015,3e-06,Wind,0.003,OWID_IRENA
Myanmar,MMR,2016,3e-06,Wind,0.003,OWID_IRENA
Myanmar,MMR,2017,6e-06,Wind,0.006,OWID_IRENA
Myanmar,MMR,2018,6e-06,Wind,0.006,OWID_IRENA
Myanmar,MMR,2019,6e-06,Wind,0.006,OWID_IRENA
Myanmar,MMR,2020,6e-06,Wind,0.006,OWID_IRENA
Myanmar,MMR,2021,6e-06,Wind,0.006,OWID_IRENA
Myanmar,MMR,2022,6e-06,Wind,0.006,OWID_IRENA
Myanmar,MMR,2023,6e-06,Wind,0.006,OWID_IRENA
Myanmar,MMR,2024,6e-06,Wind,0.006,OWID_IRENA
Namibia,NAM,2015,0.000222,Wind,0.222,OWID_IRENA
Namibia,NAM,2016,0.000222,Wind,0.222,OWID_IRENA
Namibia,NAM,2017,0.0062309997,Wind,6.2309997,OWID_IRENA
Namibia,NAM,2018,0.0062309997,Wind,6.2309997,OWID_IRENA
Namibia,NAM,2019,0.0062309997,Wind,6.2309997,OWID_IRENA
Namibia,NAM,2020,0.0062309997,Wind,6.2309997,OWID_IRENA
Namibia,NAM,2021,0.0062309997,Wind,6.2309997,OWID_IRENA
Namibia,NAM,2022,0.0062309997,Wind,6.2309997,OWID_IRENA
Namibia,NAM,2023,0.0062309997,Wind,6.2309997,OWID_IRENA
Namibia,NAM,2024,0.0062309997,Wind,6.2309997,OWID_IRENA
Nepal,NPL,2015,6.9e-05,Wind,0.06899999999999999,OWID_IRENA
Nepal,NPL,2016,6.9e-05,Wind,0.06899999999999999,OWID_IRENA
Nepal,NPL,2017,6.9e-05,Wind,0.06899999999999999,OWID_IRENA
Nepal,NPL,2018,0.000169,Wind,0.16899999999999998,OWID_IRENA
Nepal,NPL,2019,0.000199,Wind,0.199,OWID_IRENA
Nepal,NPL,2020,0.000199,Wind,0.199,OWID_IRENA
Nepal,NPL,2021,0.000199,Wind,0.199,OWID_IRENA
Nepal,NPL,2022,0.000199,Wind,0.199,OWID_IRENA
Nepal,NPL,2023,0.000199,Wind,0.199,OWID_IRENA
Nepal,NPL,2024,0.000199,Wind,0.199,OWID_IRENA
Netherlands,NLD,2015,3.39084,Wind,3390.8399999999997,OWID_IRENA
Netherlands,NLD,2016,4.25712,Wind,4257.12,OWID_IRENA
Netherlands,NLD,2017,4.202,Wind,4202.0,OWID_IRENA
Netherlands,NLD,2018,4.3931103,Wind,4393.1103,OWID_IRENA
Netherlands,NLD,2019,4.484158,Wind,4484.157999999999,OWID_IRENA
Netherlands,NLD,2020,6.647875,Wind,6647.875,OWID_IRENA
Netherlands,NLD,2021,7.64552,Wind,7645.52,OWID_IRENA
Netherlands,NLD,2022,8.7001095,Wind,8700.1095,OWID_IRENA
Netherlands,NLD,2023,10.734118,Wind,10734.118,OWID_IRENA
Netherlands,NLD,2024,11.679118,Wind,11679.118,OWID_IRENA
New Caledonia,NCL,2015,0.037584998,Wind,37.584998,OWID_IRENA
New Caledonia,NCL,2016,0.037584998,Wind,37.584998,OWID_IRENA
New Caledonia,NCL,2017,0.037584998,Wind,37.584998,OWID_IRENA
New Caledonia,NCL,2018,0.037584998,Wind,37.584998,OWID_IRENA
New Caledonia,NCL,2019,0.037584998,Wind,37.584998,OWID_IRENA
New Caledonia,NCL,2020,0.037584998,Wind,37.584998,OWID_IRENA
New Caledonia,NCL,2021,0.037584998,Wind,37.584998,OWID_IRENA
New Caledonia,NCL,2022,0.057985,Wind,57.985,OWID_IRENA
New Caledonia,NCL,2023,0.057985,Wind,57.985,OWID_IRENA
New Caledonia,NCL,2024,0.057985,Wind,57.985,OWID_IRENA
New Zealand,NZL,2015,0.689,Wind,689.0,OWID_IRENA
New Zealand,NZL,2016,0.69,Wind,690.0,OWID_IRENA
New Zealand,NZL,2017,0.691,Wind,691.0,OWID_IRENA
New Zealand,NZL,2018,0.691,Wind,691.0,OWID_IRENA
New Zealand,NZL,2019,0.691,Wind,691.0,OWID_IRENA
New Zealand,NZL,2020,0.691,Wind,691.0,OWID_IRENA
New Zealand,NZL,2021,0.914,Wind,914.0,OWID_IRENA
New Zealand,NZL,2022,0.948,Wind,948.0,OWID_IRENA
New Zealand,NZL,2023,1.046,Wind,1046.0,OWID_IRENA
New Zealand,NZL,2024,1.263,Wind,1263.0,OWID_IRENA
Nicaragua,NIC,2015,0.1862,Wind,186.20000000000002,OWID_IRENA
Nicaragua,NIC,2016,0.1862,Wind,186.20000000000002,OWID_IRENA
Nicaragua,NIC,2017,0.1862,Wind,186.20000000000002,OWID_IRENA
Nicaragua,NIC,2018,0.1862,Wind,186.20000000000002,OWID_IRENA
Nicaragua,NIC,2019,0.1862,Wind,186.20000000000002,OWID_IRENA
Nicaragua,NIC,2020,0.1862,Wind,186.20000000000002,OWID_IRENA
Nicaragua,NIC,2021,0.1862,Wind,186.20000000000002,OWID_IRENA
Nicaragua,NIC,2022,0.1862,Wind,186.20000000000002,OWID_IRENA
Nicaragua,NIC,2023,0.1862,Wind,186.20000000000002,OWID_IRENA
Nicaragua,NIC,2024,0.1862,Wind,186.20000000000002,OWID_IRENA
North Korea,PRK,2015,0.00086000003,Wind,0.8600000299999999,OWID_IRENA
North Korea,PRK,2016,0.00097000005,Wind,0.97000005,OWID_IRENA
North Korea,PRK,2017,0.00133,Wind,1.33,OWID_IRENA
North Korea,PRK,2018,0.00133,Wind,1.33,OWID_IRENA
North Korea,PRK,2019,0.00133,Wind,1.33,OWID_IRENA
North Korea,PRK,2020,0.0016000001,Wind,1.6000001,OWID_IRENA
North Korea,PRK,2021,0.0016000001,Wind,1.6000001,OWID_IRENA
North Korea,PRK,2022,0.0016000001,Wind,1.6000001,OWID_IRENA
North Korea,PRK,2023,0.0016000001,Wind,1.6000001,OWID_IRENA
North Korea,PRK,2024,0.0016000001,Wind,1.6000001,OWID_IRENA
North Macedonia,MKD,2015,0.0368,Wind,36.8,OWID_IRENA
North Macedonia,MKD,2016,0.0368,Wind,36.8,OWID_IRENA
North Macedonia,MKD,2017,0.0368,Wind,36.8,OWID_IRENA
North Macedonia,MKD,2018,0.0368,Wind,36.8,OWID_IRENA
North Macedonia,MKD,2019,0.0368,Wind,36.8,OWID_IRENA
North Macedonia,MKD,2020,0.0368,Wind,36.8,OWID_IRENA
North Macedonia,MKD,2021,0.0368,Wind,36.8,OWID_IRENA
North Macedonia,MKD,2022,0.0368,Wind,36.8,OWID_IRENA
North Macedonia,MKD,2023,0.0736,Wind,73.6,OWID_IRENA
North Macedonia,MKD,2024,0.0736,Wind,73.6,OWID_IRENA
Norway,NOR,2015,0.867,Wind,867.0,OWID_IRENA
Norway,NOR,2016,0.883,Wind,883.0,OWID_IRENA
Norway,NOR,2017,1.207,Wind,1207.0,OWID_IRENA
Norway,NOR,2018,1.71,Wind,1710.0,OWID_IRENA
Norway,NOR,2019,2.914,Wind,2914.0,OWID_IRENA
Norway,NOR,2020,4.03,Wind,4030.0000000000005,OWID_IRENA
Norway,NOR,2021,5.049,Wind,5049.0,OWID_IRENA
Norway,NOR,2022,5.062,Wind,5062.0,OWID_IRENA
Norway,NOR,2023,5.064,Wind,5064.0,OWID_IRENA
Norway,NOR,2024,5.152,Wind,5152.0,OWID_IRENA
Oman,OMN,2019,0.05,Wind,50.0,OWID_IRENA
Oman,OMN,2020,0.05,Wind,50.0,OWID_IRENA
Oman,OMN,2021,0.05,Wind,50.0,OWID_IRENA
Oman,OMN,2022,0.05,Wind,50.0,OWID_IRENA
Oman,OMN,2023,0.05,Wind,50.0,OWID_IRENA
Oman,OMN,2024,0.05,Wind,50.0,OWID_IRENA
Pakistan,PAK,2015,0.308355,Wind,308.355,OWID_IRENA
Pakistan,PAK,2016,0.590655,Wind,590.6550000000001,OWID_IRENA
Pakistan,PAK,2017,0.789155,Wind,789.1550000000001,OWID_IRENA
Pakistan,PAK,2018,1.185855,Wind,1185.855,OWID_IRENA
Pakistan,PAK,2019,1.235855,Wind,1235.855,OWID_IRENA
Pakistan,PAK,2020,1.235855,Wind,1235.855,OWID_IRENA
Pakistan,PAK,2021,1.335155,Wind,1335.1550000000002,OWID_IRENA
Pakistan,PAK,2022,1.845155,Wind,1845.1550000000002,OWID_IRENA
Pakistan,PAK,2023,1.845155,Wind,1845.1550000000002,OWID_IRENA
Pakistan,PAK,2024,1.845155,Wind,1845.1550000000002,OWID_IRENA
Panama,PAN,2015,0.205,Wind,205.0,OWID_IRENA
Panama,PAN,2016,0.27,Wind,270.0,OWID_IRENA
Panama,PAN,2017,0.27,Wind,270.0,OWID_IRENA
Panama,PAN,2018,0.27,Wind,270.0,OWID_IRENA
Panama,PAN,2019,0.27,Wind,270.0,OWID_IRENA
Panama,PAN,2020,0.27,Wind,270.0,OWID_IRENA
Panama,PAN,2021,0.27,Wind,270.0,OWID_IRENA
Panama,PAN,2022,0.336,Wind,336.0,OWID_IRENA
Panama,PAN,2023,0.336,Wind,336.0,OWID_IRENA
Panama,PAN,2024,0.336,Wind,336.0,OWID_IRENA
Paraguay,PRY,2020,2e-05,Wind,0.02,OWID_IRENA
Paraguay,PRY,2021,2e-05,Wind,0.02,OWID_IRENA
Paraguay,PRY,2022,2e-05,Wind,0.02,OWID_IRENA
Paraguay,PRY,2023,2e-05,Wind,0.02,OWID_IRENA
Paraguay,PRY,2024,2e-05,Wind,0.02,OWID_IRENA
Peru,PER,2015,0.2398,Wind,239.8,OWID_IRENA
Peru,PER,2016,0.23995,Wind,239.95,OWID_IRENA
Peru,PER,2017,0.23995,Wind,239.95,OWID_IRENA
Peru,PER,2018,0.37225,Wind,372.25,OWID_IRENA
Peru,PER,2019,0.37225,Wind,372.25,OWID_IRENA
Peru,PER,2020,0.40899003,Wind,408.99003,OWID_IRENA
Peru,PER,2021,0.40899003,Wind,408.99003,OWID_IRENA
Peru,PER,2022,0.53898996,Wind,538.98996,OWID_IRENA
Peru,PER,2023,1.01499,Wind,1014.99,OWID_IRENA
Peru,PER,2024,1.15069,Wind,1150.69,OWID_IRENA
Philippines,PHL,2015,0.4269,Wind,426.9,OWID_IRENA
Philippines,PHL,2016,0.4269,Wind,426.9,OWID_IRENA
Philippines,PHL,2017,0.4269,Wind,426.9,OWID_IRENA
Philippines,PHL,2018,0.4269,Wind,426.9,OWID_IRENA
Philippines,PHL,2019,0.44346,Wind,443.46000000000004,OWID_IRENA
Philippines,PHL,2020,0.44346,Wind,443.46000000000004,OWID_IRENA
Philippines,PHL,2021,0.44346,Wind,443.46000000000004,OWID_IRENA
Philippines,PHL,2022,0.44346,Wind,443.46000000000004,OWID_IRENA
Philippines,PHL,2023,0.44346,Wind,443.46000000000004,OWID_IRENA
Philippines,PHL,2024,0.44346,Wind,443.46000000000004,OWID_IRENA
Poland,POL,2015,4.886,Wind,4886.0,OWID_IRENA
Poland,POL,2016,5.747,Wind,5747.0,OWID_IRENA
Poland,POL,2017,5.759357,Wind,5759.357,OWID_IRENA
Poland,POL,2018,5.766078,Wind,5766.078,OWID_IRENA
Poland,POL,2019,5.8377614,Wind,5837.761399999999,OWID_IRENA
Poland,POL,2020,6.29825,Wind,6298.25,OWID_IRENA
Poland,POL,2021,6.967339,Wind,6967.339,OWID_IRENA
Poland,POL,2022,8.150235,Wind,8150.235000000001,OWID_IRENA
Poland,POL,2023,9.343321,Wind,9343.321,OWID_IRENA
Poland,POL,2024,10.059321,Wind,10059.321,OWID_IRENA
Portugal,PRT,2015,4.9368377,Wind,4936.8377,OWID_IRENA
Portugal,PRT,2016,5.124103,Wind,5124.103,OWID_IRENA
Portugal,PRT,2017,5.124105,Wind,5124.1050000000005,OWID_IRENA
Portugal,PRT,2018,5.172359,Wind,5172.359,OWID_IRENA
Portugal,PRT,2019,5.222745,Wind,5222.745,OWID_IRENA
Portugal,PRT,2020,5.1222587,Wind,5122.258699999999,OWID_IRENA
Portugal,PRT,2021,5.427326,Wind,5427.326,OWID_IRENA
Portugal,PRT,2022,5.5381393,Wind,5538.1393,OWID_IRENA
Portugal,PRT,2023,5.5381403,Wind,5538.1403,OWID_IRENA
Portugal,PRT,2024,5.5831404,Wind,5583.140399999999,OWID_IRENA
Puerto Rico,PRI,2015,0.099,Wind,99.0,OWID_IRENA
Puerto Rico,PRI,2016,0.099,Wind,99.0,OWID_IRENA
Puerto Rico,PRI,2017,0.099,Wind,99.0,OWID_IRENA
Puerto Rico,PRI,2018,0.099,Wind,99.0,OWID_IRENA
Puerto Rico,PRI,2019,0.099,Wind,99.0,OWID_IRENA
Puerto Rico,PRI,2020,0.099,Wind,99.0,OWID_IRENA
Puerto Rico,PRI,2021,0.099,Wind,99.0,OWID_IRENA
Puerto Rico,PRI,2022,0.099,Wind,99.0,OWID_IRENA
Puerto Rico,PRI,2023,0.099,Wind,99.0,OWID_IRENA
Puerto Rico,PRI,2024,0.1278,Wind,127.8,OWID_IRENA
Reunion,REU,2015,0.01483,Wind,14.83,OWID_IRENA
Reunion,REU,2016,0.0165,Wind,16.5,OWID_IRENA
Reunion,REU,2017,0.0165,Wind,16.5,OWID_IRENA
Reunion,REU,2018,0.0165,Wind,16.5,OWID_IRENA
Reunion,REU,2019,0.0165,Wind,16.5,OWID_IRENA
Reunion,REU,2020,0.0165,Wind,16.5,OWID_IRENA
Reunion,REU,2021,0.0165,Wind,16.5,OWID_IRENA
Reunion,REU,2022,0.0151,Wind,15.100000000000001,OWID_IRENA
Reunion,REU,2023,0.0088,Wind,8.8,OWID_IRENA
Reunion,REU,2024,0.0088,Wind,8.8,OWID_IRENA
Romania,ROU,2015,3.13,Wind,3130.0,OWID_IRENA
Romania,ROU,2016,3.025,Wind,3025.0,OWID_IRENA
Romania,ROU,2017,3.029798,Wind,3029.798,OWID_IRENA
Romania,ROU,2018,3.032258,Wind,3032.2580000000003,OWID_IRENA
Romania,ROU,2019,3.037515,Wind,3037.515,OWID_IRENA
Romania,ROU,2020,3.012527,Wind,3012.527,OWID_IRENA
Romania,ROU,2021,3.014958,Wind,3014.958,OWID_IRENA
Romania,ROU,2022,3.0152018,Wind,3015.2018,OWID_IRENA
Romania,ROU,2023,3.026764,Wind,3026.764,OWID_IRENA
Romania,ROU,2024,3.095764,Wind,3095.764,OWID_IRENA
Russia,RUS,2015,0.103300005,Wind,103.300005,OWID_IRENA
Russia,RUS,2016,0.1056,Wind,105.6,OWID_IRENA
Russia,RUS,2017,0.1407,Wind,140.7,OWID_IRENA
Russia,RUS,2018,0.1962,Wind,196.20000000000002,OWID_IRENA
Russia,RUS,2019,0.19710001,Wind,197.10001,OWID_IRENA
Russia,RUS,2020,1.0405,Wind,1040.5,OWID_IRENA
Russia,RUS,2021,2.0495,Wind,2049.5,OWID_IRENA
Russia,RUS,2022,2.2803998,Wind,2280.3998,OWID_IRENA
Russia,RUS,2023,2.5324,Wind,2532.4,OWID_IRENA
Russia,RUS,2024,2.5667,Wind,2566.7,OWID_IRENA
Saint Kitts and Nevis,KNA,2015,0.0022,Wind,2.2,OWID_IRENA
Saint Kitts and Nevis,KNA,2016,0.0022,Wind,2.2,OWID_IRENA
Saint Kitts and Nevis,KNA,2017,0.0022,Wind,2.2,OWID_IRENA
Saint Kitts and Nevis,KNA,2018,0.0022,Wind,2.2,OWID_IRENA
Saint Kitts and Nevis,KNA,2019,0.0022,Wind,2.2,OWID_IRENA
Saint Kitts and Nevis,KNA,2020,0.0022,Wind,2.2,OWID_IRENA
Saint Kitts and Nevis,KNA,2021,0.0022,Wind,2.2,OWID_IRENA
Saint Kitts and Nevis,KNA,2022,0.0022,Wind,2.2,OWID_IRENA
Saint Kitts and Nevis,KNA,2023,0.0022,Wind,2.2,OWID_IRENA
Saint Kitts and Nevis,KNA,2024,0.0022,Wind,2.2,OWID_IRENA
Samoa,WSM,2015,0.00055,Wind,0.55,OWID_IRENA
Samoa,WSM,2016,0.00055,Wind,0.55,OWID_IRENA
Samoa,WSM,2017,0.00055,Wind,0.55,OWID_IRENA
Samoa,WSM,2018,0.00055,Wind,0.55,OWID_IRENA
Samoa,WSM,2019,0.00055,Wind,0.55,OWID_IRENA
Samoa,WSM,2020,0.00055,Wind,0.55,OWID_IRENA
Samoa,WSM,2021,0.00055,Wind,0.55,OWID_IRENA
Samoa,WSM,2022,0.00055,Wind,0.55,OWID_IRENA
Samoa,WSM,2023,0.00055,Wind,0.55,OWID_IRENA
Samoa,WSM,2024,0.00055,Wind,0.55,OWID_IRENA
Saudi Arabia,SAU,2017,0.003,Wind,3.0,OWID_IRENA
Saudi Arabia,SAU,2018,0.003,Wind,3.0,OWID_IRENA
Saudi Arabia,SAU,2019,0.003,Wind,3.0,OWID_IRENA
Saudi Arabia,SAU,2020,0.003,Wind,3.0,OWID_IRENA
Saudi Arabia,SAU,2021,0.003,Wind,3.0,OWID_IRENA
Saudi Arabia,SAU,2022,0.403,Wind,403.0,OWID_IRENA
Saudi Arabia,SAU,2023,0.403,Wind,403.0,OWID_IRENA
Saudi Arabia,SAU,2024,0.403,Wind,403.0,OWID_IRENA
Senegal,SEN,2019,0.0552,Wind,55.199999999999996,OWID_IRENA
Senegal,SEN,2020,0.1587,Wind,158.70000000000002,OWID_IRENA
Senegal,SEN,2021,0.1587,Wind,158.70000000000002,OWID_IRENA
Senegal,SEN,2022,0.1587,Wind,158.70000000000002,OWID_IRENA
Senegal,SEN,2023,0.1587,Wind,158.70000000000002,OWID_IRENA
Senegal,SEN,2024,0.159,Wind,159.0,OWID_IRENA
Serbia,SRB,2015,0.0104,Wind,10.4,OWID_IRENA
Serbia,SRB,2016,0.017,Wind,17.0,OWID_IRENA
Serbia,SRB,2017,0.025,Wind,25.0,OWID_IRENA
Serbia,SRB,2018,0.227,Wind,227.0,OWID_IRENA
Serbia,SRB,2019,0.398,Wind,398.0,OWID_IRENA
Serbia,SRB,2020,0.398,Wind,398.0,OWID_IRENA
Serbia,SRB,2021,0.398,Wind,398.0,OWID_IRENA
Serbia,SRB,2022,0.398,Wind,398.0,OWID_IRENA
Serbia,SRB,2023,0.51,Wind,510.0,OWID_IRENA
Serbia,SRB,2024,0.604,Wind,604.0,OWID_IRENA
Seychelles,SYC,2015,0.006,Wind,6.0,OWID_IRENA
Seychelles,SYC,2016,0.006,Wind,6.0,OWID_IRENA
Seychelles,SYC,2017,0.006,Wind,6.0,OWID_IRENA
Seychelles,SYC,2018,0.006,Wind,6.0,OWID_IRENA
Seychelles,SYC,2019,0.006,Wind,6.0,OWID_IRENA
Seychelles,SYC,2020,0.006,Wind,6.0,OWID_IRENA
Seychelles,SYC,2021,0.006,Wind,6.0,OWID_IRENA
Seychelles,SYC,2022,0.006,Wind,6.0,OWID_IRENA
Seychelles,SYC,2023,0.006,Wind,6.0,OWID_IRENA
Seychelles,SYC,2024,0.006,Wind,6.0,OWID_IRENA
Singapore,SGP,2017,0.000100000005,Wind,0.100000005,OWID_IRENA
Singapore,SGP,2018,0.000100000005,Wind,0.100000005,OWID_IRENA
Singapore,SGP,2019,0.000100000005,Wind,0.100000005,OWID_IRENA
Singapore,SGP,2020,0.000100000005,Wind,0.100000005,OWID_IRENA
Singapore,SGP,2021,0.000100000005,Wind,0.100000005,OWID_IRENA
Singapore,SGP,2022,0.000100000005,Wind,0.100000005,OWID_IRENA
Singapore,SGP,2023,0.000100000005,Wind,0.100000005,OWID_IRENA
Singapore,SGP,2024,0.000100000005,Wind,0.100000005,OWID_IRENA
Slovakia,SVK,2015,0.003,Wind,3.0,OWID_IRENA
Slovakia,SVK,2016,0.003,Wind,3.0,OWID_IRENA
Slovakia,SVK,2017,0.004,Wind,4.0,OWID_IRENA
Slovakia,SVK,2018,0.003,Wind,3.0,OWID_IRENA
Slovakia,SVK,2019,0.004,Wind,4.0,OWID_IRENA
Slovakia,SVK,2020,0.004,Wind,4.0,OWID_IRENA
Slovakia,SVK,2021,0.004,Wind,4.0,OWID_IRENA
Slovakia,SVK,2022,0.004,Wind,4.0,OWID_IRENA
Slovakia,SVK,2023,0.004,Wind,4.0,OWID_IRENA
Slovakia,SVK,2024,0.004,Wind,4.0,OWID_IRENA
Slovenia,SVN,2015,0.003,Wind,3.0,OWID_IRENA
Slovenia,SVN,2016,0.003,Wind,3.0,OWID_IRENA
Slovenia,SVN,2017,0.0033,Wind,3.3,OWID_IRENA
Slovenia,SVN,2018,0.0033,Wind,3.3,OWID_IRENA
Slovenia,SVN,2019,0.0033,Wind,3.3,OWID_IRENA
Slovenia,SVN,2020,0.0033,Wind,3.3,OWID_IRENA
Slovenia,SVN,2021,0.003328,Wind,3.328,OWID_IRENA
Slovenia,SVN,2022,0.003328,Wind,3.328,OWID_IRENA
Slovenia,SVN,2023,0.003328,Wind,3.328,OWID_IRENA
Slovenia,SVN,2024,0.003328,Wind,3.328,OWID_IRENA
Somalia,SOM,2015,0.0028,Wind,2.8,OWID_IRENA
Somalia,SOM,2016,0.0028,Wind,2.8,OWID_IRENA
Somalia,SOM,2017,0.00355,Wind,3.5500000000000003,OWID_IRENA
Somalia,SOM,2018,0.00355,Wind,3.5500000000000003,OWID_IRENA
Somalia,SOM,2019,0.00355,Wind,3.5500000000000003,OWID_IRENA
Somalia,SOM,2020,0.00355,Wind,3.5500000000000003,OWID_IRENA
Somalia,SOM,2021,0.00355,Wind,3.5500000000000003,OWID_IRENA
Somalia,SOM,2022,0.00355,Wind,3.5500000000000003,OWID_IRENA
Somalia,SOM,2023,0.00355,Wind,3.5500000000000003,OWID_IRENA
Somalia,SOM,2024,0.00355,Wind,3.5500000000000003,OWID_IRENA
Spain,ESP,2015,22.943,Wind,22943.0,OWID_IRENA
Spain,ESP,2016,22.99,Wind,22990.0,OWID_IRENA
Spain,ESP,2017,23.12448,Wind,23124.48,OWID_IRENA
Spain,ESP,2018,23.405054,Wind,23405.054,OWID_IRENA
Spain,ESP,2019,25.590076,Wind,25590.076,OWID_IRENA
Spain,ESP,2020,26.81919,Wind,26819.19,OWID_IRENA
Spain,ESP,2021,27.90765,Wind,27907.65,OWID_IRENA
Spain,ESP,2022,30.113764,Wind,30113.764,OWID_IRENA
Spain,ESP,2023,30.868494,Wind,30868.494,OWID_IRENA
Spain,ESP,2024,31.811495,Wind,31811.495,OWID_IRENA
Sri Lanka,LKA,2015,0.13145,Wind,131.45000000000002,OWID_IRENA
Sri Lanka,LKA,2016,0.13145,Wind,131.45000000000002,OWID_IRENA
Sri Lanka,LKA,2017,0.13145,Wind,131.45000000000002,OWID_IRENA
Sri Lanka,LKA,2018,0.12844999,Wind,128.44998999999999,OWID_IRENA
Sri Lanka,LKA,2019,0.12844999,Wind,128.44998999999999,OWID_IRENA
Sri Lanka,LKA,2020,0.179,Wind,179.0,OWID_IRENA
Sri Lanka,LKA,2021,0.252,Wind,252.0,OWID_IRENA
Sri Lanka,LKA,2022,0.252,Wind,252.0,OWID_IRENA
Sri Lanka,LKA,2023,0.267,Wind,267.0,OWID_IRENA
Sri Lanka,LKA,2024,0.267,Wind,267.0,OWID_IRENA
Sweden,SWE,2015,5.819,Wind,5819.0,OWID_IRENA
Sweden,SWE,2016,6.435,Wind,6435.0,OWID_IRENA
Sweden,SWE,2017,6.611,Wind,6611.0,OWID_IRENA
Sweden,SWE,2018,7.3,Wind,7300.0,OWID_IRENA
Sweden,SWE,2019,8.681,Wind,8681.0,OWID_IRENA
Sweden,SWE,2020,9.976,Wind,9976.0,OWID_IRENA
Sweden,SWE,2021,12.116,Wind,12116.0,OWID_IRENA
Sweden,SWE,2022,14.279,Wind,14279.0,OWID_IRENA
Sweden,SWE,2023,16.224,Wind,16224.0,OWID_IRENA
Sweden,SWE,2024,17.239,Wind,17239.0,OWID_IRENA
Switzerland,CHE,2015,0.06,Wind,60.0,OWID_IRENA
Switzerland,CHE,2016,0.075,Wind,75.0,OWID_IRENA
Switzerland,CHE,2017,0.075,Wind,75.0,OWID_IRENA
Switzerland,CHE,2018,0.075,Wind,75.0,OWID_IRENA
Switzerland,CHE,2019,0.075,Wind,75.0,OWID_IRENA
Switzerland,CHE,2020,0.087120004,Wind,87.120004,OWID_IRENA
Switzerland,CHE,2021,0.088319,Wind,88.31899999999999,OWID_IRENA
Switzerland,CHE,2022,0.088321,Wind,88.321,OWID_IRENA
Switzerland,CHE,2023,0.088321,Wind,88.321,OWID_IRENA
Switzerland,CHE,2024,0.102121,Wind,102.12100000000001,OWID_IRENA
Syria,SYR,2015,0.0006,Wind,0.6,OWID_IRENA
Syria,SYR,2016,0.0006,Wind,0.6,OWID_IRENA
Syria,SYR,2017,0.0006,Wind,0.6,OWID_IRENA
Syria,SYR,2018,0.0006,Wind,0.6,OWID_IRENA
Syria,SYR,2019,0.0006,Wind,0.6,OWID_IRENA
Syria,SYR,2020,0.0006,Wind,0.6,OWID_IRENA
Syria,SYR,2021,0.0006,Wind,0.6,OWID_IRENA
Syria,SYR,2022,0.0006,Wind,0.6,OWID_IRENA
Syria,SYR,2023,0.0006,Wind,0.6,OWID_IRENA
Syria,SYR,2024,0.0006,Wind,0.6,OWID_IRENA
Taiwan,TWN,2015,0.64669,Wind,646.6899999999999,OWID_IRENA
Taiwan,TWN,2016,0.68209004,Wind,682.0900399999999,OWID_IRENA
Taiwan,TWN,2017,0.69239,Wind,692.39,OWID_IRENA
Taiwan,TWN,2018,0.713151,Wind,713.151,OWID_IRENA
Taiwan,TWN,2019,0.845159,Wind,845.159,OWID_IRENA
Taiwan,TWN,2020,0.937115,Wind,937.115,OWID_IRENA
Taiwan,TWN,2021,1.094168,Wind,1094.1680000000001,OWID_IRENA
Taiwan,TWN,2022,1.581055,Wind,1581.055,OWID_IRENA
Taiwan,TWN,2023,2.6774218,Wind,2677.4218,OWID_IRENA
Taiwan,TWN,2024,3.890247,Wind,3890.247,OWID_IRENA
Tanzania,TZA,2020,0.0024,Wind,2.4,OWID_IRENA
Tanzania,TZA,2021,0.0024,Wind,2.4,OWID_IRENA
Tanzania,TZA,2022,0.0024,Wind,2.4,OWID_IRENA
Tanzania,TZA,2023,0.0024,Wind,2.4,OWID_IRENA
Tanzania,TZA,2024,0.0024,Wind,2.4,OWID_IRENA
Thailand,THA,2015,0.2339,Wind,233.9,OWID_IRENA
Thailand,THA,2016,0.50704,Wind,507.04,OWID_IRENA
Thailand,THA,2017,0.62782,Wind,627.82,OWID_IRENA
Thailand,THA,2018,1.1028199,Wind,1102.8199,OWID_IRENA
Thailand,THA,2019,1.50682,Wind,1506.82,OWID_IRENA
Thailand,THA,2020,1.50673,Wind,1506.7299999999998,OWID_IRENA
Thailand,THA,2021,1.5453299,Wind,1545.3299,OWID_IRENA
Thailand,THA,2022,1.5453299,Wind,1545.3299,OWID_IRENA
Thailand,THA,2023,1.54356,Wind,1543.56,OWID_IRENA
Thailand,THA,2024,1.54356,Wind,1543.56,OWID_IRENA
Tokelau,TKL,2019,1.5e-05,Wind,0.015000000000000001,OWID_IRENA
Tokelau,TKL,2020,1.5e-05,Wind,0.015000000000000001,OWID_IRENA
Tokelau,TKL,2021,1.5e-05,Wind,0.015000000000000001,OWID_IRENA
Tokelau,TKL,2022,1.5e-05,Wind,0.015000000000000001,OWID_IRENA
Tokelau,TKL,2023,1.5e-05,Wind,0.015000000000000001,OWID_IRENA
Tokelau,TKL,2024,1.5e-05,Wind,0.015000000000000001,OWID_IRENA
Tonga,TON,2015,2.2e-05,Wind,0.022,OWID_IRENA
Tonga,TON,2016,2.2e-05,Wind,0.022,OWID_IRENA
Tonga,TON,2017,2.2e-05,Wind,0.022,OWID_IRENA
Tonga,TON,2018,2.2e-05,Wind,0.022,OWID_IRENA
Tonga,TON,2019,0.0013969999,Wind,1.3969999,OWID_IRENA
Tonga,TON,2020,0.0013969999,Wind,1.3969999,OWID_IRENA
Tonga,TON,2021,0.0013969999,Wind,1.3969999,OWID_IRENA
Tonga,TON,2022,0.0013969999,Wind,1.3969999,OWID_IRENA
Tonga,TON,2023,0.0013969999,Wind,1.3969999,OWID_IRENA
Tonga,TON,2024,0.0013969999,Wind,1.3969999,OWID_IRENA
Trinidad and Tobago,TTO,2015,1e-05,Wind,0.01,OWID_IRENA
Trinidad and Tobago,TTO,2016,1e-05,Wind,0.01,OWID_IRENA
Trinidad and Tobago,TTO,2017,1e-05,Wind,0.01,OWID_IRENA
Trinidad and Tobago,TTO,2018,1e-05,Wind,0.01,OWID_IRENA
Trinidad and Tobago,TTO,2019,1e-05,Wind,0.01,OWID_IRENA
Trinidad and Tobago,TTO,2020,1e-05,Wind,0.01,OWID_IRENA
Trinidad and Tobago,TTO,2021,1e-05,Wind,0.01,OWID_IRENA
Trinidad and Tobago,TTO,2022,1e-05,Wind,0.01,OWID_IRENA
Trinidad and Tobago,TTO,2023,1e-05,Wind,0.01,OWID_IRENA
Trinidad and Tobago,TTO,2024,1e-05,Wind,0.01,OWID_IRENA
Tunisia,TUN,2015,0.24,Wind,240.0,OWID_IRENA
Tunisia,TUN,2016,0.24,Wind,240.0,OWID_IRENA
Tunisia,TUN,2017,0.24,Wind,240.0,OWID_IRENA
Tunisia,TUN,2018,0.245,Wind,245.0,OWID_IRENA
Tunisia,TUN,2019,0.245,Wind,245.0,OWID_IRENA
Tunisia,TUN,2020,0.245,Wind,245.0,OWID_IRENA
Tunisia,TUN,2021,0.245,Wind,245.0,OWID_IRENA
Tunisia,TUN,2022,0.245,Wind,245.0,OWID_IRENA
Tunisia,TUN,2023,0.245,Wind,245.0,OWID_IRENA
Tunisia,TUN,2024,0.245,Wind,245.0,OWID_IRENA
Turkey,TUR,2015,4.503,Wind,4503.0,OWID_IRENA
Turkey,TUR,2016,5.751,Wind,5751.0,OWID_IRENA
Turkey,TUR,2017,6.51615,Wind,6516.15,OWID_IRENA
Turkey,TUR,2018,7.0053864,Wind,7005.3864,OWID_IRENA
Turkey,TUR,2019,7.5911555,Wind,7591.1555,OWID_IRENA
Turkey,TUR,2020,8.832395,Wind,8832.395,OWID_IRENA
Turkey,TUR,2021,10.606975,Wind,10606.975,OWID_IRENA
Turkey,TUR,2022,11.396164,Wind,11396.164,OWID_IRENA
Turkey,TUR,2023,11.80607,Wind,11806.07,OWID_IRENA
Turkey,TUR,2024,12.97307,Wind,12973.07,OWID_IRENA
Ukraine,UKR,2015,0.51390004,Wind,513.90004,OWID_IRENA
Ukraine,UKR,2016,0.526,Wind,526.0,OWID_IRENA
Ukraine,UKR,2017,0.553,Wind,553.0,OWID_IRENA
Ukraine,UKR,2018,0.62077004,Wind,620.77004,OWID_IRENA
Ukraine,UKR,2019,1.2577701,Wind,1257.7701,OWID_IRENA
Ukraine,UKR,2020,1.402,Wind,1402.0,OWID_IRENA
Ukraine,UKR,2021,1.761,Wind,1761.0,OWID_IRENA
Ukraine,UKR,2022,1.761,Wind,1761.0,OWID_IRENA
Ukraine,UKR,2023,1.761,Wind,1761.0,OWID_IRENA
United Arab Emirates,ARE,2015,0.0017,Wind,1.7,OWID_IRENA
United Arab Emirates,ARE,2021,1.5e-05,Wind,0.015000000000000001,OWID_IRENA
United Arab Emirates,ARE,2022,1.5e-05,Wind,0.015000000000000001,OWID_IRENA
United Arab Emirates,ARE,2023,0.0991,Wind,99.1,OWID_IRENA
United Arab Emirates,ARE,2024,0.0991,Wind,99.1,OWID_IRENA
United Kingdom,GBR,2015,14.305,Wind,14305.0,OWID_IRENA
United Kingdom,GBR,2016,16.126,Wind,16126.000000000002,OWID_IRENA
United Kingdom,GBR,2017,19.585,Wind,19585.0,OWID_IRENA
United Kingdom,GBR,2018,21.605648,Wind,21605.647999999997,OWID_IRENA
United Kingdom,GBR,2019,23.886917,Wind,23886.917,OWID_IRENA
United Kingdom,GBR,2020,24.457926,Wind,24457.926,OWID_IRENA
United Kingdom,GBR,2021,25.74823,Wind,25748.23,OWID_IRENA
United Kingdom,GBR,2022,28.761282,Wind,28761.282000000003,OWID_IRENA
United Kingdom,GBR,2023,30.162949,Wind,30162.949,OWID_IRENA
United Kingdom,GBR,2024,32.14565,Wind,32145.650000000005,OWID_IRENA
United States,USA,2015,72.57302,Wind,72573.02,OWID_IRENA
United States,USA,2016,81.286,Wind,81286.0,OWID_IRENA
United States,USA,2017,87.5975,Wind,87597.5,OWID_IRENA
United States,USA,2018,94.51669,Wind,94516.69,OWID_IRENA
United States,USA,2019,103.6702,Wind,103670.2,OWID_IRENA
United States,USA,2020,118.47769,Wind,118477.69,OWID_IRENA
United States,USA,2021,132.85239,Wind,132852.39,OWID_IRENA
United States,USA,2022,141.5012,Wind,141501.2,OWID_IRENA
United States,USA,2023,147.5203,Wind,147520.3,OWID_IRENA
United States,USA,2024,152.65271,Wind,152652.71000000002,OWID_IRENA
United States Virgin Islands,VIR,2015,0.000100000005,Wind,0.100000005,OWID_IRENA
United States Virgin Islands,VIR,2016,0.000100000005,Wind,0.100000005,OWID_IRENA
United States Virgin Islands,VIR,2017,0.000100000005,Wind,0.100000005,OWID_IRENA
United States Virgin Islands,VIR,2018,0.000100000005,Wind,0.100000005,OWID_IRENA
United States Virgin Islands,VIR,2019,0.000100000005,Wind,0.100000005,OWID_IRENA
United States Virgin Islands,VIR,2020,0.000100000005,Wind,0.100000005,OWID_IRENA
United States Virgin Islands,VIR,2021,0.000100000005,Wind,0.100000005,OWID_IRENA
United States Virgin Islands,VIR,2022,0.000100000005,Wind,0.100000005,OWID_IRENA
United States Virgin Islands,VIR,2023,0.000100000005,Wind,0.100000005,OWID_IRENA
United States Virgin Islands,VIR,2024,0.000100000005,Wind,0.100000005,OWID_IRENA
Uruguay,URY,2015,0.85679996,Wind,856.79996,OWID_IRENA
Uruguay,URY,2016,1.2115,Wind,1211.5,OWID_IRENA
Uruguay,URY,2017,1.5182999,Wind,1518.2999,OWID_IRENA
Uruguay,URY,2018,1.5182999,Wind,1518.2999,OWID_IRENA
Uruguay,URY,2019,1.5238,Wind,1523.8,OWID_IRENA
Uruguay,URY,2020,1.5238,Wind,1523.8,OWID_IRENA
Uruguay,URY,2021,1.5238,Wind,1523.8,OWID_IRENA
Uruguay,URY,2022,1.5238,Wind,1523.8,OWID_IRENA
Uruguay,URY,2023,1.5238,Wind,1523.8,OWID_IRENA
Uruguay,URY,2024,1.5238,Wind,1523.8,OWID_IRENA
Uzbekistan,UZB,2017,0.00075,Wind,0.75,OWID_IRENA
Uzbekistan,UZB,2018,0.00075,Wind,0.75,OWID_IRENA
Uzbekistan,UZB,2019,0.00075,Wind,0.75,OWID_IRENA
Uzbekistan,UZB,2020,0.00075,Wind,0.75,OWID_IRENA
Uzbekistan,UZB,2021,0.00075,Wind,0.75,OWID_IRENA
Uzbekistan,UZB,2022,0.00075,Wind,0.75,OWID_IRENA
Uzbekistan,UZB,2023,0.00075,Wind,0.75,OWID_IRENA
Uzbekistan,UZB,2024,0.50075,Wind,500.75,OWID_IRENA
Vanuatu,VUT,2015,0.003575,Wind,3.575,OWID_IRENA
Vanuatu,VUT,2016,0.003575,Wind,3.575,OWID_IRENA
Vanuatu,VUT,2017,0.0033,Wind,3.3,OWID_IRENA
Vanuatu,VUT,2018,0.0034,Wind,3.4,OWID_IRENA
Vanuatu,VUT,2019,0.0034,Wind,3.4,OWID_IRENA
Vanuatu,VUT,2020,0.0034,Wind,3.4,OWID_IRENA
Vanuatu,VUT,2021,0.0034,Wind,3.4,OWID_IRENA
Vanuatu,VUT,2022,0.00313,Wind,3.13,OWID_IRENA
Vanuatu,VUT,2023,0.00313,Wind,3.13,OWID_IRENA
Vanuatu,VUT,2024,0.00313,Wind,3.13,OWID_IRENA
Venezuela,VEN,2015,0.0502,Wind,50.2,OWID_IRENA
Venezuela,VEN,2016,0.0502,Wind,50.2,OWID_IRENA
Venezuela,VEN,2017,0.0502,Wind,50.2,OWID_IRENA
Venezuela,VEN,2018,0.0502,Wind,50.2,OWID_IRENA
Venezuela,VEN,2019,0.0502,Wind,50.2,OWID_IRENA
Venezuela,VEN,2020,0.0502,Wind,50.2,OWID_IRENA
Venezuela,VEN,2021,0.0502,Wind,50.2,OWID_IRENA
Venezuela,VEN,2022,0.0502,Wind,50.2,OWID_IRENA
Venezuela,VEN,2023,0.0502,Wind,50.2,OWID_IRENA
Venezuela,VEN,2024,0.0502,Wind,50.2,OWID_IRENA
Vietnam,VNM,2015,0.136,Wind,136.0,OWID_IRENA
Vietnam,VNM,2016,0.1602,Wind,160.20000000000002,OWID_IRENA
Vietnam,VNM,2017,0.2047,Wind,204.7,OWID_IRENA
Vietnam,VNM,2018,0.2367,Wind,236.7,OWID_IRENA
Vietnam,VNM,2019,0.37454998,Wind,374.54998,OWID_IRENA
Vietnam,VNM,2020,0.518,Wind,518.0,OWID_IRENA
Vietnam,VNM,2021,4.118,Wind,4118.0,OWID_IRENA
Vietnam,VNM,2022,5.065,Wind,5065.0,OWID_IRENA
Vietnam,VNM,2023,5.8875,Wind,5887.5,OWID_IRENA
Vietnam,VNM,2024,6.1847997,Wind,6184.7997000000005,OWID_IRENA
